-70235.1594979, -88693.4201634, -228935.197716
-948182.078148, 237487.043067, 629628.814714
-154288.07766, -130225.654874, -87283.7434545
-244346.131495, -239924.667612, 160466.950777
10396.1165501, -115594.200322, 48830.2592197
-365922.460339, -469376.735589, -206612.086961
2142.41975461, 19918.142365, -38614.0336701
-34809.7882649, 146434.893471, -20628.129872
-20658.7268374, -1341.3173226, -63176.5031917
247409.523362, -851150.463726, 93126.94882
52249.8268478, -56049.7985232, -36820.2896888
5202.64318698, -5924.76442273, -12016.338286
-90003.7354946, 486782.768129, 635519.501361
17961.9512382, 26979.6808691, 17028.6990383
176688.372791, 172418.517792, 105609.161926
-408805.252543, -348083.212015, 334542.318078
-219311.761837, -213453.455337, -42935.4843507
-73858.6875087, 26566.9859451, 149321.799116
-2689.15416511, -36190.1126197, -34261.685247
339669.696369, -80650.0778537, 377748.07977
492583.311229, 436914.713505, 705960.486519
576901.484355, 339198.110742, 106089.220477
-199507.263954, 252880.541988, -8758.82909833
560219.855187, -248211.385523, 273225.100412
-262360.049891, 143588.150924, -48443.382269
-461543.227055, 361744.893345, 141345.769559
-148099.492948, 149860.029986, 55952.9947178
24905.0172987, 71034.5708127, -7726.84910251
-228061.199192, 27098.5051965, 22917.900848
-105857.776521, 4251.77079213, 45286.4379108
-394654.545695, -220297.525135, -685679.92313
-316066.744059, 231451.137088, -110472.031663
-612904.37952, -2484.18022471, -510476.58628
152340.323755, 32222.9008925, -26398.2100378
-21357.5161275, 120029.654678, 25973.5514405
30465.8492716, 12001.9795455, -43665.1978315
-33820.2719192, 111881.260352, -47480.6375918
-123214.291589, -840751.914344, 764856.14804
-52509.0752013, 494000.653029, 288270.292055
-303569.778374, 578097.761314, 33266.9937255
132859.120033, -50910.4428682, 15370.9906511
-410866.189986, -140213.841861, -162581.117249
-62026.1200254, -94003.9232266, 99464.0662084
102972.918889, -432583.014421, -69667.0100837
-868513.508252, -328981.749597, -162605.82647
663061.832222, 209973.411234, -111468.30323
-259039.060471, -127163.459547, 47389.3140535
-20432.2918748, -37092.129472, 42894.5474662
-902057.198568, -514997.207165, -485827.940462
49873.6868229, 54179.3596938, 162452.867579
-32668.4597499, -375255.004376, -232280.319267
45088.6507202, -406847.523313, -4665.01712883
-276720.357902, -195249.966577, -393673.412636
361271.715964, 328073.232857, -614036.652777
995905.01207, -8294.37536138, 51644.3491795
32695.6670927, -333133.688231, -112120.53494
-57462.1934606, -42750.6330897, -53933.7091942
-3790.49039436, 20926.1876999, 20459.31256
159301.358765, -224192.020579, -139951.497166
557160.208777, 886665.673686, -315736.866724
475920.06333, -55067.650052, 681080.373163
63827.7002182, -79191.9762058, -83248.9225871
-239621.811373, 245147.362896, 332513.841802
306938.473517, -199953.084257, -197386.178622
778693.289831, -559576.860917, -266140.820647
26896.2769908, 3240.88997724, 3963.77870695
-771776.657829, 190008.85249, -602800.565462
-259387.044859, -947265.750578, -306637.756357
-47495.9960895, 354989.155606, 107893.575158
-653448.325515, 357729.226824, -109093.485887
-25725.4599468, 282917.802312, -563208.825472
-957025.456531, 709023.416178, -361908.65817
253193.31809, 574221.177185, -588608.885438
7287.9979203, 783.632553114, 18547.8819352
238621.837987, -293333.857813, -407445.121874
7571.11481525, -47068.0899981, -2043.66318123
-77308.9502034, 140207.977476, -39069.0085464
254991.660426, 159843.38453, 220913.443777
-793761.360063, 972221.773354, 74181.399626
-127277.812211, -998662.42943, 602759.012851
-164918.523517, 24430.2893041, 166593.781482
436695.665995, 394018.056208, 45535.3975192
-57891.7556901, 121876.147927, 26591.2873678
50925.4411438, 84127.6093652, 2387.21622832
-49896.8476444, 21546.1381103, -49402.2158391
8052.75709832, 362600.720858, -102090.543848
-302533.254537, -202892.923726, -195800.394066
-819877.219497, 657853.992654, 664338.829807
60230.1365512, -16028.0662069, -58757.8365416
-271703.270429, 182881.788786, -301184.046877
-116150.345246, -410357.360232, 230833.21107
19677.2219381, -64056.9090195, -45602.7678998
-478876.719271, 105231.04167, 21048.3951693
927525.746344, -743095.432646, 964167.044589
139350.66919, 211673.799131, 229715.350158
725272.58764, -161097.749928, 326273.124764
56929.9076263, -409472.420833, -23638.77208
-121117.853, -190264.157237, -208519.159118
139427.458808, 590207.404808, 451468.025789
-317848.895143, 553167.815284, 490289.828538
47236.2847543, -1712.74486296, 20848.6685038
-24741.8819214, -24522.6521774, -4534.07054419
127440.182955, 23255.4735911, -939504.06207
311428.764226, 188122.423063, 62556.3281782
539296.668928, 456537.684973, 464856.927541
-383773.700209, -121968.181131, -27544.0901213
62512.007204, -161080.508781, 39381.6508664
167216.199249, 182704.663961, -8494.07876856
57400.2718535, 66446.4056891, 46451.8731162
-7598.86491732, -98535.1690411, -326160.806871
65546.9672881, 15794.4117909, 74490.139104
664135.23475, -210173.295656, -76846.7394608
-793481.448394, 385267.963032, -660885.774408
-459578.383306, 232501.043861, 725009.156145
-17436.983762, 18969.9041201, -9785.53987617
185870.387464, 153766.700379, 214369.814507
57918.5463024, -82365.5916235, -70339.4975712
47212.1400758, -11945.699906, 111615.608752
-40859.9774293, -57605.3558102, -38972.5561023
-848932.332094, -580633.597581, -459367.919386
-750620.666825, -192256.518657, -225281.921354
114831.998707, -263371.215796, -14889.2991842
64568.7606737, -58823.6626462, -17579.3825785
-802982.620574, 222395.246407, 628324.89725
186330.131487, 313791.643985, -388079.797614
22955.8778203, 110286.084867, -78158.9007304
-543435.159911, -450069.827746, 244390.676312
612755.440804, 576247.243021, 738966.112676
-7723.91231246, 49566.6197418, -8990.49121665
851339.645509, 332355.737776, -516909.67386
-36153.6223831, -16705.7720828, 7453.08166415
-5072.97312992, -15690.4419549, -18595.1394937
24506.108739, -26819.6295088, -83039.519547
-141171.733756, -251019.438821, 123752.451587
-82948.0996775, -127755.62674, -38346.9782851
7277.97580874, 4122.63454569, -23618.2292308
-273111.768672, -141186.163564, -127674.166608
-133620.817829, 53822.5205715, 8213.6806364
-770125.884897, -999613.642771, 401839.895859
-390437.656485, -686224.950083, -724345.885109
-2055.55213734, 53377.803868, 32959.4344105
-64774.2431332, 78279.518044, 99225.3168598
8841.18026097, 66448.2500982, 54824.6494985
-90444.4588979, -313069.466364, 108883.13282
119781.058273, 134401.114179, -216861.738978
446134.919381, -176821.185147, -240576.363916
52456.4238715, -26198.1975573, 7525.16746969
-30750.2075609, 125239.933564, -123104.137951
-53574.2635402, 639174.8631, 766062.271935
-28999.6032226, 82854.872397, -28555.1760503
151400.637687, -42382.5332122, -55206.6250115
65987.5245702, -39760.4429612, -15974.6449467
270333.487819, 171754.512041, -803368.223569
-398401.484507, -901072.570867, -670186.76569
388271.993567, 518350.712506, -759764.73194
-66141.0086053, -28052.2172881, -208418.945151
98220.1896044, -50275.3909917, -87925.2136499
-284847.213698, 190979.804734, 861633.310877
-336512.967239, 1967.78909529, -323139.659631
-690.388779561, -7542.1583267, 69872.6366286
575248.950918, 195976.197237, -392051.714182
170658.89247, -198123.564627, 249951.574316
14133.1307828, 5333.37198605, 22532.4857536
-63014.1382687, 14250.1689809, -41195.4946675
-583.269729607, -62537.4306645, -92838.4995436
9338.44973725, 54646.6614699, 25153.3252567
19151.757128, 85978.5818056, -4400.34785983
-238217.537813, 400900.408632, -334580.970648
-490502.069281, -136337.464947, -247714.470091
-194988.662299, -36922.6864774, -162257.181575
22411.8845, 5218.66023745, -134030.147345
641296.672603, -592388.568093, -179208.803147
-462958.546155, -25693.0782448, -731043.645731
634249.929873, -388398.271076, -257203.9414
4330.99267776, -2172.96267697, 9311.41222251
24320.0563447, -103245.693979, -71213.1895486
-138215.609267, 69683.2319147, -97948.963227
140282.7519, 172733.749081, -121473.746402
86332.3642624, 23959.7727124, 547248.79053
-437198.908784, -887396.617405, 566665.119118
554414.343428, 149662.335613, -408612.861613
-9314.19756355, 371007.995483, -915625.276697
-56292.2007258, -942935.101302, 790656.612328
-125935.890777, -148866.778984, 51825.2806331
25147.5411866, -63057.0439941, -82652.9119047
184857.399492, 27792.0451509, 49351.201539
2578.25492448, -30702.8473566, -335.671219792
-193494.301387, -199418.823292, 118740.862575
-864582.226317, 92461.3126211, 994387.521246
223849.031475, 153531.25423, -34049.9344548
283239.520788, 32281.455058, 237810.891856
-200886.141925, -104833.659123, 413943.135941
-154358.67119, -76357.5416316, 131173.007039
22.4419703447, 143969.791626, -456970.86879
429846.707319, 133137.615317, 829572.924974
-416888.362169, 765567.934706, 574999.066981
-9575.00539755, -59822.0672595, -11257.6819308
31233.5951364, 97918.4264968, -72273.0754335
-37381.2545775, 219379.679854, -100853.450344
-165935.224635, -221439.812054, -395329.915469
14026.4754062, 89596.2087989, 14494.6633008
151545.964046, 198359.751385, 96373.6013247
-118169.744429, 138720.398694, 37139.525676
-62711.1763502, 142268.381982, -5543.02092254
127740.873919, 5702.15319433, -8688.46404058
999814.755297, -803754.953762, -805460.343835
21290.5981319, -72806.8649799, 240229.206941
-521243.380949, 137140.380125, 74963.8802772
-131111.693274, 22670.6589057, 314330.692128
-13213.1570284, 579055.61312, 234693.952466
-490251.366183, -245766.574975, -487903.488647
8861.39156549, -6823.03466571, 24523.3003536
129191.415432, 834821.529178, -428662.345587
309132.334725, -924906.301558, 219900.039884
256409.257825, -22722.3052194, -329039.69948
-121206.924763, 348247.54225, 4100.38771593
174536.285342, 2173.36868645, 22547.8677197
-423422.411709, 709290.344759, -495897.307738
-173733.120964, 370310.744551, 185096.338875
-36038.9844824, -117211.367576, -67873.8809901
-109248.797778, 426222.306864, -72679.7501881
196533.494172, 368151.955987, 199184.320971
-33335.4863795, -82553.4314327, 57151.4243935
-131844.351484, -486382.507882, 594305.874063
155267.016079, -251095.208806, 202042.621401
-258790.391295, 70647.9539983, 111182.936796
825532.754301, 150422.672293, -160464.150353
147999.544817, 148145.618521, -648733.17744
-491080.24408, -877660.543113, 742738.407774
-149826.858802, -50059.8402824, 123677.243111
20637.8658354, -15156.5550658, 69800.0805291
76012.4294672, -42271.929893, 176276.525716
-99134.9557319, 73841.366589, -165037.895331
1003.7300387, 109580.856499, 17652.1839892
-44093.8980789, 156985.31279, 173386.527577
-11300.6253855, 19086.5781719, -10967.4118767
-854316.966567, -749325.607012, -280773.943029
635798.752803, -211988.131707, 581912.310134
43652.8879915, 70551.4587997, 172386.984351
-264975.685788, 139095.512651, 310117.155078
-424245.099108, 70160.3381616, -408950.170316
532857.257721, 940687.503425, 446271.518521
408635.383103, 132678.855392, -893184.187511
65861.9277906, 18835.2685004, -144382.327067
27815.2571206, 183041.495895, -134561.091652
-20188.7440026, -252927.613107, 225647.333865
-565021.272707, -572605.825991, -269107.663597
199952.32108, -395968.591172, -710452.427713
-590473.682433, 50943.8064702, 691485.575998
535093.442493, -972568.136501, 730198.360882
-267598.904831, 953496.077796, 182020.969426
10983.3683689, 81311.7584465, 104908.340579
-781124.67905, -414014.012215, -499486.496683
-896812.777917, 324980.603577, 713467.921454
12044.1016791, 52811.8285798, -139788.426704
-4373.94218623, -30860.7075483, 12207.3363958
5927.84999096, 57086.4240612, 18386.9895854
162417.526344, 576958.658, 80357.9715469
-672656.757162, 231638.810464, -263829.450707
-301862.239916, -295240.149454, -32669.3172903
589507.563047, -416603.640698, -842115.208185
235814.935894, -251541.540469, -82628.9512745
167988.641638, -48782.6595159, -25021.6090005
-166553.234319, -923243.71351, -455766.659119
-34805.9933145, 59671.9153532, -99466.9796088
-79855.0855842, -85930.6912451, 1200.37895508
-48855.3494056, 403301.395166, 181237.004935
-48150.01253, -230792.138315, 58726.5315092
-229.848095898, -387728.626593, 325676.23082
193161.46063, -633157.338672, -258697.075578
138829.898155, 6845.2298954, -1935.07509405
121191.542413, -52287.8794491, 146677.452452
-15811.7642761, -1901.37063375, -2451.77265543
-265170.701229, 12723.2415426, -514939.102276
125289.218503, 415843.525631, -394281.408159
-293751.331788, -112703.452839, 9416.84928234
-178404.748175, 440713.517907, -63112.4147682
-51057.8176838, 176326.941026, 110562.641185
-272797.911359, -18095.9914186, 119683.057249
-275295.023064, 390775.446485, 603071.189036
-378365.530135, -345144.975807, 508517.77395
31461.675202, 100524.240091, -128640.96558
12631.7095992, -22319.8929216, 45939.1643183
184152.261776, -121152.760101, -635177.964788
-15349.2509434, 215224.735823, -246040.183674
-34920.3304418, -9325.76962402, -66931.8201864
-6054.59995745, 81521.7194419, -40740.2457398
-83873.4805099, -251186.326831, -829912.441501
-89729.1923257, 93422.1375812, 15742.8939865
3121.0428273, 34998.2841766, -106385.224676
-425873.693907, 807434.842378, -357430.006753
178097.377553, -297112.194835, 116563.457527
-33559.2080346, -71894.7456332, 24764.7506817
148461.976345, 169371.639099, -566166.296599
-74915.7913878, -10806.6304679, 14057.7525906
536613.67736, -160248.671693, -617096.1134
5969.63303558, 30785.1024995, -6108.88074602
-56966.6849185, 715239.017595, -497273.833364
250277.339754, 115319.318934, -297705.086742
3891.89246956, 60819.3742642, -19731.215213
88069.8960053, 53517.430773, 22571.0534704
-246497.63435, 134827.519572, 419867.274568
-117214.151806, -588896.372686, 212533.128961
73855.0190693, -12901.7660931, -77230.0364348
13876.4832922, 34949.5415533, 24058.688029
-103184.081691, 286809.749167, -116938.88496
716222.608505, -84780.3642376, -456224.271288
-528102.707551, 407887.27516, -737060.046665
-182048.470835, 65424.8417976, 81373.1368666
-307982.540611, 174341.052707, 522767.666459
-101936.835799, 179320.252125, -50189.2886592
7938.94726566, 135476.083796, 180596.289103
-103230.409354, -25330.4870701, -139845.36769
-188745.372369, -343705.290827, -179324.864402
-36239.9342722, -617406.106431, -850423.660062
-1286.57886468, 32010.4636583, -1042.05448142
242950.196564, 728294.516195, -448020.929413
914355.787799, 332678.434817, -491083.518061
-354860.551541, -503914.005207, 140210.834925
-31766.0240221, -44286.7232083, -32273.9777326
94153.4104231, 165903.894298, 382217.682315
39060.387066, 128432.592091, -19888.5530611
113086.292733, -48721.0881388, 105957.750303
-145548.361005, 700949.603812, 567324.054091
-238985.913763, -154447.406113, 144228.61433
28484.1488179, 51055.7190999, 9065.79805034
32451.4172119, 39233.4882987, -230287.043587
227626.065459, 841759.029694, -248526.798908
113.379821938, 36005.5307984, 20175.1170745
101804.415041, -127392.698804, -208447.934047
-37720.9420771, -62544.0545477, -50033.6628874
279231.085731, 93669.605483, -204610.663848
80288.2612661, 8901.92278879, -47299.229081
-120787.372305, 172622.20191, 78396.6115859
703265.888731, -775437.548649, 37460.00577
-29365.302876, 91934.9451932, 268086.731644
40175.6440121, 54926.4906842, 6530.97741012
86010.1748064, -53469.4183332, -24818.0995553
-101376.068456, 74523.4802256, 86537.1151435
118023.105307, 141289.042983, 86882.3551471
367522.670159, -198611.600323, -183964.809692
42393.776064, -103548.647459, 353615.654005
-612538.272949, -459342.913624, -611810.24024
-329231.37116, 850540.46012, -42807.975714
-501848.653708, -558142.343964, -362562.655551
787778.370963, 84107.9250268, 155549.233803
50655.1679533, 240052.100559, -11832.3834485
-443914.901842, -67738.252211, 367507.083243
-4358.10934195, -128728.044763, -111324.714288
494308.71704, 519775.9883, 884855.11847
90741.0883927, 59239.5958041, -63863.0133483
-292246.712048, 92553.5794542, -478403.769336
-16085.6223129, 15465.4241243, 34624.7163469
453721.287248, -750096.908658, 11537.5762435
-915768.259812, -830279.80455, -702171.195024
957552.193545, -486700.862521, 629301.35832
495970.231334, -762599.643224, 245480.536433
36926.9458934, -2731.30446919, -104620.657552
160384.552542, 264175.810642, 204500.632488
398691.180379, -396146.524795, 742036.265404
12596.3926826, 9270.56742886, -2012.70766692
-24480.2515526, 16254.6972373, -40555.9552432
133991.809975, -101615.602629, 83245.4824668
974597.734846, 87820.3180136, 126159.809362
-355670.023263, 271915.616246, 13022.4430836
31440.3339351, 12217.3384275, -12356.5108855
2779.99729826, 18856.0597042, 8234.00874375
-12430.0940721, 30762.7995348, 34699.6640871
200149.418262, 399035.688603, -364994.61295
-625390.881067, -824567.606804, 913608.730763
368218.826734, 736826.323035, 278068.781476
-68336.3236193, -196392.920597, 82203.2733006
-22312.6683999, -58277.5323473, -23953.199731
171556.559865, 342465.448992, 464469.56391
-49623.1674486, 54119.646607, 811335.570278
127333.093915, -1037.05844356, -6140.70979329
23765.512273, -37897.5927765, 92273.3836718
-434839.978454, 482617.004911, -59618.0438703
-795583.085828, -562154.781975, 528692.640625
-976569.976479, 647309.210158, 950323.339078
812931.785915, 832702.291966, 80081.6684945
-206800.980134, -439603.257941, 739475.14266
94227.2958752, -8861.78488103, 34141.1145064
-132584.240021, 112946.446206, 93841.3388707
-314873.327854, 382824.13784, 239953.5281
295856.593822, 326027.401926, -722971.440804
117363.743376, -21727.8560017, -16951.0975436
10482.5852929, 1068.98128813, -53684.7234418
694250.38272, -926462.882795, -657118.385963
93775.4404537, -72979.8163636, -958708.078703
-154753.485546, 328550.113768, 124560.816435
-66997.935662, 215304.259142, -156870.276807
2378.03397813, 31190.4319068, -16386.1059507
-423358.794038, 129465.272, 410506.721672
894.745705285, 34009.8939382, 106522.810401
143018.218315, -234139.298097, -293448.465146
-12473.7223461, -46970.1387128, 20937.9201589
450554.138708, 283083.740956, 472291.751836
-209420.607729, 581195.471155, -471862.693705
54787.6403121, 621695.395598, 983285.547549
19605.7150547, -2904.32479951, 11223.5771007
-40240.4104912, 32484.3038583, 8162.78394705
-17394.6353042, 2603.15944586, -3619.93044085
-65917.0984256, -63522.2212777, -3171.21730395
-32462.7531696, 71892.1245958, -111898.176783
-318771.308872, 378685.095435, 10847.3430616
-64491.7566505, 97937.1965967, 119062.704205
94135.9006567, 122851.063062, -82471.591647
308727.251951, -962332.877265, 220940.798466
-242289.798835, -23800.140463, 435540.719604
-3772.89661547, -15776.8931757, 16844.6595061
111394.513985, 581473.924047, 261268.169403
-58398.9526067, 9697.31221195, -3226.73157749
-187796.499755, 384415.200195, 271714.465184
-218710.663106, 147908.124224, -19645.2176206
56390.85066, -19731.1200338, -11617.2512368
-453544.822282, 171666.925005, 34155.3836799
-85478.4425083, 14223.8288092, 303184.683179
-135509.158554, 88869.5081868, -33529.5071028
737180.000886, 622176.627494, -74813.3632025
-20035.7662086, 11129.8093089, -11558.6559666
286687.276667, 189679.463869, -639160.294641
-480522.745052, -485118.771705, -609310.838311
-171925.592116, -165098.637846, 26997.2090894
-38165.0539443, 30717.4738259, -57565.457899
63680.6545742, 223565.518581, 159458.700987
-10669.839341, 24554.635888, -36763.7879096
153.751180445, -26975.6805647, -6654.69080237
115489.053943, -483713.209929, -192027.217981
64131.8127112, -91889.7904322, -115196.449993
43642.2062244, 12588.3981899, 8997.46586824
7262.26318782, -58375.4164813, 127379.10172
415713.61571, 16503.4101804, 614758.462416
30573.1547825, 16755.5247421, -13925.7801515
-17914.0410685, -200362.316377, 138.022608839
539807.63114, 556153.632433, -114659.864092
-76351.4812213, 261345.995769, 147579.772285
-491749.683205, 180652.749358, 353665.52258
-14686.05488, -1625.33417188, 9026.99662021
-265852.764109, -952984.997434, 266449.500281
39670.3959623, 49281.4965111, 29804.1540519
-721689.220304, 70504.335894, 181042.501049
-40871.1555659, 139657.216717, -33416.5940578
101131.656618, -205655.284694, -116796.515342
718312.719511, -127513.655171, 532721.980345
428330.861354, 447298.810695, 225549.021272
-176612.708074, 64143.2580142, 53235.323543
-520006.078287, 626988.098183, -425269.706058
-67853.0718443, -220626.399555, 161610.721493
-11508.7875718, 3405.99931758, 13019.6650764
-314575.92978, -345229.761989, 521596.143032
14770.1923093, 23679.1599145, 1159.38367445
7351.47378607, 560.651156997, -53745.4428365
6095.3652747, -3891.94620839, -41158.519643
-61660.9287565, -33923.2459925, 80611.2927687
47367.7991452, -21151.8186598, 21056.5592962
-9765.79510482, -26378.2872463, 3429.97411844
-20878.3490506, 12025.2573926, 9211.15904817
705746.935048, -252974.143032, 622975.038847
-92081.3607344, 122321.441139, 7017.2523543
71297.4746793, -13305.6693168, -504425.81282
-929778.475744, 372040.326604, 679105.811211
51685.7802413, 148829.045603, -117877.561897
928956.755329, -443784.342195, -437846.437856
293682.549026, -388738.63065, 278328.93935
153671.05141, -265905.422643, 86608.5295861
-30555.4599845, -2576.72481558, -21675.5948756
-869815.511731, -778237.450614, 615051.527384
417251.251584, -254138.620388, 304336.35634
135443.996091, 141860.826985, 653332.41036
497011.372946, 134387.783289, 109034.583405
-163470.812154, -119913.646553, 44016.4482355
-569722.011395, -367649.839386, -397258.699737
6809.33048258, 7831.36467139, 30188.7569345
125537.299797, 51839.553585, -757252.124576
118198.211994, 327267.062976, -28471.9240827
293513.180483, 16498.5838535, -336365.57287
-819297.948432, -102837.595994, 512325.711239
-487060.800842, 255657.483104, -565874.011256
-33715.7133756, -15663.3026696, 45343.3560924
-11286.3975616, 20647.1226391, -35717.3877493
-50743.7339731, -132244.126053, -148555.27795
2015.20738289, -127937.44706, -398058.921918
-122581.004925, 47875.376728, 205394.596539
148603.157058, -227387.312951, -43872.7136876
75617.6105606, 40723.0010777, 7454.52894996
-9880.0727434, 190380.218967, 267176.371048
103697.478087, 52070.8283552, 15203.4072849
49044.8430547, -187125.464935, -606772.852434
-111918.794023, -53013.8947608, 13180.770951
-33208.7941833, -192031.324519, 339600.707729
-19652.4203055, 93146.4827051, 53261.9357444
30885.2030876, 57741.397542, -114906.389705
117396.493556, -443648.063558, 170554.464137
32301.9622202, 142799.038479, -16263.3891579
19857.1746967, -63178.3509873, -68511.6261114
-237069.611739, 409842.719914, 757976.046377
-148449.998113, 492693.213494, 630108.280803
-112858.183096, -135324.333494, -200623.096709
953997.597727, 213639.508024, -427284.90852
125833.438561, 247225.565892, -10591.5250136
-247194.730412, 804172.253919, 507584.178811
8054.19825308, 180793.632251, 253591.43257
56513.9399367, -19212.4883336, 41176.7742247
745811.176391, -85639.0865491, -467397.506443
-7363.24979189, 89021.613014, -56103.5082859
294269.897149, -498987.910594, 57192.2978649
-413393.578571, -719749.949633, 589519.267103
237612.649608, 232667.867799, -59957.8919527
131888.945745, -625500.92365, -780869.430264
-672281.785931, 329298.39099, -932750.241501
345275.366786, 138350.066956, -276853.047852
-20623.4311654, -62978.8807403, -90413.4542367
223239.104328, 13322.7824323, 324797.699983
-292612.737904, -20241.4960044, -44411.3024546
447448.901255, -728566.87911, -137424.362222
131953.808635, -111269.225803, 10283.5280551
10304.53822, 3661.11840158, -86491.2085515
-29094.571132, 18834.5126074, -102574.219381
-115184.233471, -280084.056485, 724686.321578
-804050.002288, -746568.718402, -589956.434208
-115631.83313, 3282.91668702, 43962.4710001
193109.866212, -91461.7222888, -14267.2710594
8005.74712545, 8535.95176962, -51944.2259845
9520.93355658, 14744.7888034, 26470.8042424
-4980.65181153, -67284.7100589, -23915.7490026
263956.398399, -218062.773921, -978478.979662
-24194.8038537, 115905.24714, -15467.3447105
79049.908104, -64266.0662595, 28389.5788689
343838.103807, -112008.794082, -261862.204878
549657.885385, 760737.873908, -117564.049237
439783.616825, -457260.439484, -30604.3694613
-97340.8267931, -55324.4843315, -37015.5887079
-151952.724458, -20037.4704336, 796691.850726
-180347.03163, -214442.448139, 89842.0127139
-303395.087857, 96026.4893288, -16815.2867097
-215456.147489, 13550.2795123, 93718.1299127
7066.72829018, -7120.28627146, 29744.697174
-512408.355655, -440361.236967, 421387.820112
23061.7915011, 48382.5945242, -133545.111417
808167.049528, 527964.529479, -923211.720668
64709.4654871, 266708.018564, 282362.841497
-224804.644217, 242457.337726, -133899.229967
-591158.50561, 947417.557878, -114673.096194
-646315.560161, -336851.686287, 466590.805681
860658.432098, -63679.273227, -496159.448532
-324743.306426, -395109.701712, 163833.996715
201258.83398, -120911.12304, -298948.495082
707413.318924, -952795.156276, -564664.178019
31628.7221579, 10051.4398859, 12750.1724432
-51772.5403987, -4055.58544982, -63042.7782834
57121.6101189, -316280.861475, 153575.730186
96890.6504202, -58668.5043024, -71994.8752838
-25469.3028319, -219088.337794, 161701.015415
465186.124332, 234939.915836, 485905.079872
-11444.9162773, 768176.717716, 171200.829845
-1246.16567112, -83679.7463497, 128705.422818
313588.872839, 73438.9635371, -69748.2709891
-40378.8794675, 231464.469399, 557426.019114
-39010.6008596, -48390.5435379, -39012.648515
-6692.0842145, -18408.22565, -163265.426438
-15826.5454297, 198031.412363, -47774.744113
-275623.056748, -228267.655671, -386468.088291
37861.4164062, 37119.6863591, -197071.729444
44269.5072311, 245057.715394, -19508.0061042
22690.6431083, 2030.70215169, 4992.34137678
239568.68762, 140804.909267, 86084.0610806
125759.6089, -80131.2250346, -192078.633673
-336921.993242, -412990.902098, 229029.793623
140582.804531, -14793.1546414, 21401.3819361
-120461.329333, -257038.508932, -320536.144522
24080.8275084, 87193.3612372, -59322.9556352
26561.0882794, -139677.942972, 275681.12388
7998.77412041, -96427.340518, -159975.108632
855118.260244, -422789.565427, 940498.601784
5232.00373725, -18669.2932759, 26771.9284194
936.080362132, 66571.8337649, 19785.9115686
-829493.194283, 627360.312718, 773795.218668
-753056.478631, -348612.358137, 470651.239593
41561.7578918, -17833.4695996, -42768.3424142
-14566.2729729, 3701.56342937, 35425.2715141
120820.254693, -77196.9124909, 94287.6823179
942227.658038, 580440.101511, 250133.922273
125516.887981, -230100.775974, 374658.40252
-51221.6007083, -146139.547283, 55994.8246618
83800.5579326, 85932.6051676, 115529.474095
-15011.6409308, 26484.9993834, -113996.073919
23178.3581091, -30596.0980794, 70311.1177867
-40176.7116314, -187268.898154, -751205.441871
-167607.321489, -82982.7775724, -409049.985914
17203.9981275, 26431.0034673, 106097.507073
28940.3937421, -411259.803955, 25740.8881506
-268412.490465, -687993.405009, -149158.45827
953857.693918, 593437.841909, -737959.304187
-75903.6535586, -109490.332626, -252490.616933
29861.3559664, -11550.9158446, 8895.94945891
-107416.904965, 105552.749647, -38172.9087741
-60483.7976605, 38510.67675, 79520.4275595
349940.197233, -142366.492995, 147435.895196
-40874.2470272, 347595.759219, -350736.179349
-63616.2762835, -207812.595664, 45373.7738938
12515.2688844, 12120.907384, 17164.4187115
-87.4180834026, -5582.3511974, 4592.08639404
-14320.5431477, 38550.5693507, -24576.7144776
-897719.433738, 163552.909925, 957204.854326
-98886.4431763, 31876.5220547, 55756.0184812
-20447.8969333, 229030.492298, -9748.2898966
107687.373498, -10073.3371377, 32964.7801425
-58760.1555386, -167038.911631, 3242.27691245
-9696.01348118, 16116.9164994, 1179.7956384
-4303.54441615, -618431.384116, 305687.021132
56289.476042, 870070.365795, -36567.1586276
17592.1423813, -12663.375195, -126770.342305
-197676.346361, 225098.959923, -44822.34705
-17598.6018023, -45599.1648986, 5309.22751506
304895.36564, -286103.265457, -52888.3243915
418199.449969, 281616.763532, -684034.390309
-36396.4748159, 526383.211757, -942111.835202
-383553.816125, 25279.3026995, -684096.997888
1901.74854097, -9014.9977195, 9197.7179036
-147856.050382, -149862.778538, -80471.3937914
51267.4815527, 58040.8274344, 113798.520121
-63677.8053112, 110723.770046, 238962.451556
-517354.390494, -238078.4652, 146309.116669
-50087.3908698, 851672.842269, 556768.900729
85737.4898803, 74310.9358258, -10243.0040083
-705676.154421, -278521.426995, 802863.759352
87001.3679162, 315185.19908, -73670.0584598
889736.255661, 844393.167763, -396017.717851
-80836.27262, -42166.7136206, 6156.7087339
3043.60863416, -41818.4885964, 98718.993847
58899.5527089, -28649.4843215, -90078.1424065
61345.5258642, -16369.3802564, -84837.797601
125435.619965, -768470.896567, -563558.02332
-109125.250519, -116270.217266, -157962.844735
-68440.6826643, 73465.4042634, 73960.432134
43528.2002265, -738610.520826, 663168.892578
248772.542458, 212175.066423, 614363.169428
39104.7594205, 4761.40767948, 2232.86547
108947.717205, 43839.0762881, -534877.108799
73838.6621642, 289246.641506, 4883.36069422
315550.412573, 163086.558346, -347483.986016
-49118.4449464, -74755.9023056, 41368.4930958
-118877.862551, -71824.1236389, -146697.508869
-55762.6730487, 7375.82698646, 19715.4370724
-20875.1347855, -44855.0123008, 130244.8858
-6419.54106163, 129467.873051, 6764.8940276
-916832.509341, 239016.493501, 921450.403884
99325.0116715, -72643.7248911, 118129.006926
112553.314022, -142623.816472, -966172.990497
-34301.9327532, -55529.9358058, -8332.18176976
-2168.41454846, 13669.9479604, 37351.5824578
157572.428099, 124572.734643, -466607.275342
218789.298117, -414054.72021, 114429.529618
412746.766435, -188578.779748, 16394.6780341
-92937.6627273, 44843.53919, 46539.114604
111537.540954, 179567.794388, -120878.489918
-481659.289555, 346832.555166, -353698.423824
116662.687302, 12805.8821455, 89747.8556563
56644.5227333, -671207.402957, -553773.36768
14313.2992335, 17143.0963786, 83398.7398224
268311.329279, 379309.908069, 163026.375083
-324301.779554, 15216.895411, -482695.246865
62100.7390696, 61884.7363374, -53007.5918859
61130.4202904, -7021.65625667, 17645.0956353
101148.065063, 73515.7860218, -41924.4955908
7909.3212845, -64112.25421, 26055.5349403
925322.413789, 574871.85689, 670214.641496
49839.7612284, -45349.8624051, -76563.1796203
2820.54817994, -73070.6954162, -7389.08643283
-577378.070254, -524480.516336, -89247.1968986
198324.15726, -31210.7259835, 22963.0535947
19910.9502355, -41475.9250788, -162453.334638
-7213.59961468, -120875.974407, -45309.6506262
257845.377689, -55989.4743576, 597851.068104
-703328.366362, -245494.841033, 533667.254594
-19578.4351461, 32082.8210024, 5787.79142634
-96745.8040004, -18644.1400021, 89684.9876847
-73523.1086409, -465504.196877, 180348.128864
-9591.60545864, 2610.09441213, -23008.9770213
189865.078108, -21473.7697237, 162776.903378
909898.219817, -558783.508587, -178483.114493
-179446.718752, 230519.687188, -17642.182952
321902.331773, 983704.135048, -196068.773316
-17410.8593856, -29295.2735689, -40814.8030832
24660.9046542, 12229.10117, -6524.24367406
-319943.189228, -69411.4467407, 27786.8557113
5990.3141789, -86585.4704893, -217718.52675
124282.703935, -600621.772031, 156482.928283
95736.1758151, 312734.52391, -127446.327079
-322674.243098, 241441.184535, 299824.176532
85618.3940061, 28154.7546914, 49614.5298976
-20461.6720746, 20585.479745, 79495.228079
-546147.961824, 36736.8657028, 427649.559678
-28481.5739683, -44495.64325, 100281.262651
26590.1061953, -71214.4538846, 42493.2589316
-531544.738842, -351417.273624, -259883.840734
-186357.05061, 630710.610574, 338867.632193
-441165.745084, 6880.81875864, -142661.538949
61049.088382, -386216.3436, 275784.514866
220710.9076, 18079.2805019, 51860.2249827
896432.767903, 765322.00686, -193025.52504
12368.4090782, 33101.545703, 284539.130829
-191869.79781, -34317.0564571, -144137.994354
-57929.3319998, 73794.5954086, 70023.3938747
25515.5367397, 250931.624287, -16645.3637157
-78142.9996855, 50657.4222738, -12338.7461734
-21029.5375489, -109143.112253, -58022.7972672
412799.251755, -461246.242095, 160370.302709
-268187.574984, -270718.062129, 184051.619188
261387.809439, -803764.588318, 694950.34156
-398834.541605, -31987.3978597, -465066.739068
-206095.389851, -500108.465804, -157678.270582
-402999.314383, -242140.040319, 143070.01197
-188014.593161, -10982.834867, 45668.6633868
-192947.529287, 20161.1830142, 282330.814682
267867.411979, 22284.8003559, -51347.2514245
515710.424006, 423717.880271, 808422.280225
-33394.2594121, 84771.8116346, -94160.2208161
-931429.858569, 50778.185739, -780125.841972
-34725.2396728, -41008.0394324, 97831.7675023
541313.613064, -99860.2002765, -906979.836836
362150.35153, -446698.461361, -66429.1864934
20994.577927, 751689.80621, 579090.880828
191280.962233, 319038.848156, -52290.8359059
573470.069549, -607671.342645, 837455.501776
55580.0896787, 20260.3900009, 30072.2243539
329895.982101, -124994.475282, 183375.7515
-25126.0405166, 26557.4465415, -11099.5474074
-52902.7272575, -69175.0548746, 5330.23507654
11205.0595201, 19865.1071862, -33850.9598085
5047.8723164, -470.929213904, -101770.955553
55548.3176589, -60219.4506573, -40976.1002028
45273.3692863, -240542.836902, 34253.8803411
-414016.857569, -507519.825893, -813837.272025
265744.979359, -898956.949464, -219714.063868
-277249.897273, 102695.7648, 194380.221954
138498.516624, 465826.883461, 404066.571334
221897.67971, 473.406056314, -95559.4522774
-3380.35830194, 173444.291362, -389360.687924
242449.194221, 184344.222121, -284758.229704
94382.5625812, 147469.839715, 90251.6496548
-234937.212064, -245852.859801, -3568.42765792
754175.725706, 162840.996594, 63184.0600367
-24945.7226203, -1221.21852392, 7137.4109284
78184.9917385, -57462.9072435, -43709.2036768
14525.5214433, 119085.027811, 336154.956128
630134.903378, 63462.1617415, -313879.57618
-176615.235973, -23483.5768525, -175539.071863
965891.447105, 179834.045446, -396373.053662
-561310.203248, -205893.759132, -8257.17095211
583622.915043, 999496.671455, 68151.8166278
213315.605266, -495890.915358, 892603.317906
32605.0719571, 7291.08618714, 30430.1100634
683159.931656, -453285.762614, -676166.433027
74858.6590277, -3018.0248785, 21511.8985857
-26639.3085652, -45546.4304135, -89.8696175166
53126.5715758, -300373.506856, 13804.5870506
-608597.060072, -160156.836212, -83813.526889
-746360.539653, 2729.40297825, -126460.379743
-391901.403826, -791524.044178, 788417.640405
200401.293226, -394742.739958, -579343.377925
-134288.297502, -687664.842894, -453826.884021
6768.04030247, 82038.3627221, 100010.8662
-202349.385819, 237875.305817, 294831.142173
-30336.4007862, -57664.0537223, 81614.2182557
252979.417337, -71670.9314118, -114548.385994
25547.5372465, -140360.442821, 50502.83866
72717.545433, -423974.808493, 364771.51987
-520350.252276, 592189.597254, -227635.847428
105067.388522, 591726.771643, -676701.264808
-225166.745659, 36475.3405627, 111044.995061
-57561.3416222, 6874.8469501, 68258.0927902
-35346.2002233, 128411.859501, -38100.8379029
-300023.99376, -9557.41965311, 136057.485426
52315.8753375, -75529.0802137, -90346.6302373
-935849.353476, -810369.555313, 53028.3879528
166317.950926, -41112.1992314, 156419.126529
525141.978337, 982973.787437, 306357.900165
-1819.69019021, -35965.3657584, -79352.9171457
6507.09913102, 14051.9389378, 28554.2826697
60572.5742716, -69811.0706752, -245444.190867
-15984.3707786, -104501.740394, 7482.40719656
81898.8803742, -135716.945421, 440667.44776
929481.138831, 95933.9112264, -48176.092118
-46538.5892418, -269803.895931, -15724.6064591
870245.802198, 883366.787502, -792613.232556
-323488.951648, -119453.834186, -37210.8876384
-20192.1452522, 5868.61471994, 5438.16792136
-30383.4514683, -5190.02001917, 65206.9132131
-9685.89461508, 39717.0058812, -8974.10545983
673.004887962, -16989.6863047, -9863.00729729
-25875.8208715, -2018.4872123, -69227.8801528
-18374.3982692, -5599.24778139, -18545.3760228
-407502.946153, -59640.9502068, -685408.372859
-55596.5475291, 31104.679563, 59563.2014617
-1249.76359764, -6401.55390728, -8738.90873157
-22903.0903449, 30814.4696044, 9459.50024142
-152317.483479, 650172.087644, 226260.976581
-644513.897586, -409252.612232, 451189.250173
-19097.1819517, 19902.4781062, -26234.0157077
4005.74095522, -16541.3221531, 49163.8424278
6985.04146051, 111952.929182, -177621.797696
-31332.0787595, 5176.30016501, 51712.825058
-65609.5580369, -10231.3973691, 25208.1384213
113915.07379, -37102.0077033, 40204.6217529
-57087.657752, -59693.0636897, 38703.6963818
-194991.481731, 169010.176022, 132674.364504
-15335.2954556, 4998.01771893, -36891.1749265
165276.310099, 275658.420863, -424174.394599
14526.1020405, 19173.2678086, 62565.4550811
-275302.163267, 40329.1005979, -153977.422019
-119941.760767, -132215.653596, -75965.7384646
-463203.5034, 181496.771682, 9063.42639653
-67422.9501117, 213727.157248, 221926.683126
-874800.804542, -305138.781043, 578254.305719
128858.682406, -139597.409799, 67145.6077507
-719178.808003, 434497.800256, -362187.146185
31178.854529, 22785.8112038, 22251.5114385
-442730.829037, -161068.751631, -154197.094594
-38460.9456512, 36730.3059294, -5400.03485054
-201738.68539, 4420.92569464, 165920.031611
39907.8887193, 549815.0159, 310554.546896
9616.332597, -207433.510138, -250727.003084
27340.9202215, -87774.073624, 96359.3670036
473125.551051, -212036.514717, 345302.29521
86580.849677, 162636.477118, -152269.326658
740194.48156, -216158.351066, 422894.186866
64853.472892, -846583.248546, -843184.355326
243874.946729, 201763.637264, 152453.872873
31772.0265892, -3782.29028576, 5859.66574412
-321712.904175, -511114.463036, 179596.912484
-61785.6817977, -291128.435145, 12191.9542388
756119.721605, -460241.32118, -786114.85143
437491.461769, 102858.545313, -440587.880217
-9755.74324536, 36104.6161695, -3820.74291635
12391.0400635, 40223.2746243, -15966.6004385
-251399.704001, -289710.337136, 315089.762794
-79285.9998074, 16890.855985, -1452.92544355
13771.6686668, 78059.3921652, -57144.1422868
938840.383663, 584102.263045, -245595.411559
795985.330328, -528773.154423, 8702.83642585
13746.0547054, -48640.8181349, -54440.9415033
-746518.30618, 424397.28477, 679187.248483
139024.94387, 165325.853275, 25924.7051663
249292.19161, -573828.290709, 262626.904393
875674.477958, -595903.115514, -473958.642007
-65559.1479364, -327127.481284, 791463.00862
-47877.5182894, 681942.634215, -575961.654362
-814162.642363, -114968.553913, 70696.4051321
-13012.3736045, -8889.65726634, 5910.75082386
-186809.63974, 98626.3506105, -288679.957128
-22648.0148252, 25662.4907109, 678.237373903
547174.936263, 509333.244677, -140706.16291
244.019162602, -1658.93816503, 61523.0323048
-36012.4367457, -66768.3344779, 70547.9146279
101.939645417, -59010.3286592, 21293.4680027
34354.6214175, -33883.1915165, 24061.3426296
48974.505472, 239757.826467, 445823.827843
-318660.518461, 641408.817325, -19882.3416691
-37941.9550043, 166158.117262, 54085.5054741
-168079.026936, 44451.208489, -29001.8954593
-171088.321012, 868252.600204, -224548.836133
148959.399794, 109798.958536, -990394.677199
-36981.2547437, -9800.20561082, -20008.1629116
-10586.7347461, 96591.5537586, 89857.8898053
-68650.2656595, -14154.5008119, -348590.665294
-76779.4681171, -41185.0043659, -69990.1685852
-140082.661305, -20319.1138324, 7415.99025634
29559.0529963, 20575.9713269, -2882.24787502
-712319.378841, -87609.5784298, -263322.879285
7707.39417105, -889752.741403, -702634.267879
47204.7406841, 63971.7773221, 91248.9938818
101530.097159, -47279.2938434, -245945.512058
-1020.19118767, -86.9266249415, 32513.4183069
-99311.681484, -315805.61303, 52982.2785177
-42176.3188389, -37192.2323972, -480758.428908
340683.49, 660140.792321, -703042.747298
-298271.49653, -150643.868251, -299252.191796
-291786.10538, 244935.085581, -363626.803603
740506.963226, -389441.037094, -802312.555291
-113994.305643, -798214.356642, 83073.0034119
-33930.4300506, 4869.61472535, 36567.0513273
783117.163023, 406607.826055, -945542.548079
404059.851653, 589925.237352, 456288.738592
-95891.5732804, 57219.9071886, 8645.94254467
-154011.844456, -687141.772575, 574697.407364
-37647.2511124, -26905.4969078, -31981.3219618
7447.38767815, 1834.04095775, 22034.0741151
264944.379417, -635285.502288, -39399.7934935
-121529.538014, -152407.597644, 47328.1947549
255254.133068, 286401.571173, 414775.686864
-78503.4635443, 258525.379457, 169078.524327
52364.5317024, -330930.068762, 108205.180605
522315.262044, 764907.954587, 350419.949647
117815.847759, -111412.400111, 106452.443924
3341.37331276, 2373.0968829, 15626.2960851
405579.342249, -375387.818267, 635975.690833
-258797.651009, 341344.678065, 610369.347407
-11005.167649, -176214.745287, 263787.795094
283543.050131, -180529.992708, -150737.1377
123586.682288, 1928.6271867, -41112.62075
341078.203571, 275279.675859, -387159.846776
-283828.850289, 458821.665584, -569511.673189
1608.6157436, 281760.992998, -264523.783727
-70965.2394972, -27032.9889024, 23453.1480701
-164999.975239, -605436.887146, 582642.247316
-628595.081938, 689517.131765, 417967.659908
156828.6458, -72196.6407497, -220001.392898
-393439.194732, -839414.718918, -48326.2775636
-199629.215456, -671172.212819, -583862.420352
35151.099833, 21505.1217581, 31975.0728599
-2511.75099431, 24137.5127057, 55343.3166372
-33928.2083349, 51569.7989707, 228881.993571
37123.8597506, -26149.1378401, 8125.34906041
253053.565007, -281806.595291, -691342.762909
-10239.9126891, 30493.3761602, 12949.6445848
277211.127153, -467388.667755, 198761.119006
-350091.843669, 256034.000266, -201213.554095
213023.392688, 441012.727315, 100687.525915
57733.2050209, 32680.0032061, -30892.4060273
-118369.992101, 28877.9211544, -382485.961703
605241.243266, -58790.9086886, -132841.442332
-28225.1884369, -57211.7670914, 15602.5864129
-51079.9001608, -9556.77610663, 96177.938124
-192536.856493, 165301.889275, -13359.6756755
-223721.244893, -52551.0476722, -77837.1700471
-63318.0564882, 23988.7468687, -34532.3210662
211678.95382, -269874.951511, 71853.633014
-20730.2991215, 21923.1530863, -20610.5241481
378814.286869, -30785.6936784, 236425.610406
-60231.0677142, 176078.717207, -452611.854695
541725.478191, -284471.638231, -370257.618282
-83267.5843181, 173913.449565, -109032.775963
-166312.622915, -441081.432509, -485355.482121
-527122.045507, -802528.39111, -886591.468395
553017.515336, 526718.499784, 357717.698521
7898.62148887, 25677.5966064, 11710.3434823
-834150.94999, -856343.212498, -525854.291356
156245.862494, -851674.466351, 317150.677964
242713.043082, 200631.974224, -146465.418099
387744.420206, -727291.194489, 834672.490301
-29750.0343521, 274338.474656, -231332.53053
-101532.89368, 124959.742214, -35613.5125399
301041.529003, 22353.3140394, 247074.805217
333501.997843, 384262.498499, 315173.150349
-41397.9155148, -662554.667642, 501859.423775
4718.09286628, -18735.2600745, -7351.50624957
-9564.39158694, -11258.9494092, 7799.55757504
-585501.699985, -730512.369611, 824647.914118
44918.1039552, 539572.825789, 245298.461571
-12922.9537783, -127776.1848, -364304.54523
-58227.7038107, -123770.575985, 18791.7144894
-119876.80666, 42841.3890711, -69345.3362747
-41561.7039037, -40746.7561915, 186160.467313
-73370.1552859, -130589.785153, -170496.450773
274361.471256, -37003.8330119, -134458.02382
273112.956547, 217142.234365, 34781.129362
-415198.038736, -259043.794243, -203034.11484
45755.3416352, 58892.4579738, -8929.24833977
-10073.464048, -49008.8826542, 3701.87442771
65596.6066185, -57369.9444837, -3942.35577976
-575140.682013, 515415.886948, 520851.13269
812242.488711, 102530.46392, -907727.272271
2923.17512755, 31657.8093439, -1668.7740725
-561424.810647, -215832.734595, 624088.840534
-347259.392291, -47989.6671211, 278943.927612
18107.4527546, 186590.875935, -89944.5372959
-43983.0969719, 10971.6613112, -23169.0910976
-14112.7564094, -287314.313606, 103961.93945
11972.435069, 124666.606714, 58198.6038969
-4929.13296525, -8756.39839493, -4731.5747426
55923.6515389, -8721.89509523, 13321.846603
-32668.2762412, -382923.177474, 44363.3251183
-89606.6940512, -66380.9894759, 114883.677805
-27585.555709, -198291.087863, 282308.639626
-225464.417666, 44855.0624803, -199279.603092
73721.0424621, 64768.3566537, 26521.7967126
-789463.564787, 809360.214738, 603761.975166
-191971.994329, 277122.230573, -408866.701525
154520.236072, 7958.56343565, 22131.6813685
414039.582972, 747183.731547, -848550.477044
-32050.7830795, -23978.8084422, -9393.69648333
-163954.038268, 131312.826305, -298781.646381
83425.6926337, 92168.5058169, -423.835677142
795636.016367, -579810.408785, -872396.701224
202296.676946, -829007.276239, 284461.967362
-33591.7803803, 19895.7125282, -28774.8245603
-434189.854698, -379153.168901, 598976.57836
-438550.738987, -999144.731644, -514799.577152
-42948.2184115, -104095.609968, -280942.126449
4165.75383732, -16250.107007, -301.766571489
-177220.970197, -223430.166937, 279582.211922
64246.4770359, -43065.2056451, -61634.258814
64999.5976292, 125567.377554, -13716.6246395
-456804.315172, 220367.406091, 139283.399996
157992.017702, 7678.69214895, -3818.42362808
649664.209569, -705347.496379, 274172.216258
152793.228997, 391017.974826, 150294.579188
122042.744395, -418236.692011, -45288.2475834
-142227.138822, 135238.656589, 131834.000365
-117396.865725, -64706.9030432, -10490.3169675
53172.6730017, -176174.663712, 290502.364038
935890.002921, -549097.05257, 353477.678018
-287873.558278, -500606.098566, -519171.227841
507626.394232, 629512.508657, -917013.857934
-95583.4037801, -231159.326323, 35510.4882141
-264831.88761, -73314.1022006, -29960.0480887
7179.17634091, 111674.893665, -231974.255619
10021.0245882, 60194.0842385, -10959.9906517
50187.0922401, 13992.5698229, -60958.9872739
127435.924781, -171882.023644, 207913.501275
540810.427024, 528107.643974, -618677.56203
224339.284305, -148781.753987, -198940.092509
-41418.3735333, 50129.9108955, 934457.603793
36085.2126593, 3508.97416782, 33555.729018
-118249.95477, 112535.969862, 48904.7899517
-394538.963302, 331667.727977, -234278.49972
20613.9792014, -25476.6370077, -1520.20064641
-54593.8706982, 37161.3813157, -7102.97156921
-13864.609817, 243716.290002, -162665.840672
172410.902348, 324103.46596, 820966.76525
-453023.540641, 845141.90426, -494615.44143
22139.8984318, 18618.4710012, -50899.7786564
13444.7081739, 40501.9819484, -43347.7817709
141584.774291, -3276.87381767, 132035.068837
-476312.861902, 472991.326171, 385073.879292
945504.14345, -277256.284087, -472943.892091
35834.8053337, -26092.1365602, 30252.7793485
161660.162612, 773541.509153, 844968.154148
-26985.5249414, -43644.9437323, 11068.6356381
-210104.895857, -64844.3725332, -78779.878776
20686.8234888, 26669.5572702, 19017.6606907
881.884990797, -95325.1989517, -284781.36406
-2541.94861952, 247992.101138, 79084.467778
291707.114782, -188171.230139, -88928.2776796
-2299.15369157, 27883.4007331, 38560.9026155
47142.2025848, 10078.4475054, 996.50618128
626.194277269, -55701.8337729, 31265.310105
15838.6389808, -18675.5614093, 14042.6510772
-2650.07145181, -154112.037445, 23202.2629248
197033.930895, 239067.467611, -92048.3017609
35560.5534893, -116515.125056, 9737.07471629
945655.747847, 834645.134649, -214953.992886
331818.88816, 201350.311189, 45832.7615078
38229.9285736, 28413.6704432, 33343.1578134
181667.222024, -88704.4658612, 242385.216082
-2218.26357665, 119905.826371, -172176.861459
-895044.964182, 899870.254118, -898205.023805
37502.1701699, -8451.71865887, 23224.8053424
1988.49005977, 9903.50237437, 1388.24819944
-51820.5980314, 72541.4400153, -152613.43485
-67329.1536524, 74127.9914449, 277438.378995
873417.181683, 113404.972262, -94922.5054733
695945.647526, 453974.132199, 50051.6548215
-568182.674264, -712753.983909, -224888.410471
-10003.3850454, -360348.552001, 276483.666749
-351362.008206, -663723.995573, -977910.034252
77663.9290376, 435602.147937, -153962.263425
7881.51129772, -21773.7870565, 46223.9290719
-39585.9108594, 137493.532943, -25381.316782
222992.714471, 173717.064729, 13728.5973137
-494737.496374, 386736.895796, -394258.274523
247673.251828, -512586.038913, 456693.615814
-934107.742099, -212150.714562, -56980.2432751
111036.014754, 19573.6882537, 57735.9372143
944037.326434, 823931.23627, 143870.709932
17032.1517493, -156071.087937, 50646.3087362
157772.27651, -31857.8432158, 30083.2783108
-22072.1073904, 119668.513265, -19835.1068279
29735.8548164, -395331.036155, 452679.219961
132137.11719, -42231.3358786, 16343.3345417
25352.600831, -68119.3165129, 47052.3192969
-36279.9552413, 159556.587219, 72692.1635993
28033.757236, -22386.2340205, -20148.5290202
-10694.0289128, 62563.0161963, 20292.2267704
3130.5288804, -15385.0579186, -34467.8243116
569989.76824, 547021.354139, 533627.550086
221783.86285, 226655.962167, -426588.62621
-684795.963054, -216001.66725, -81863.3322933
-8574.58777112, 45702.3239406, -14385.3346403
-2975.60360949, -23944.3446902, -14482.1957557
-92120.3511028, -159317.203085, -127297.486221
-112399.464493, -31615.6569878, 13987.5720087
-65311.1500025, -564734.653135, 155010.904953
631029.872951, -332195.463435, 342515.730436
264309.93335, -142154.558922, -179704.162879
272749.287454, 12930.4565222, 423279.809938
-124191.581688, -708422.848011, 596368.003391
365080.725544, -762759.941387, 3281.13172676
-630083.770985, 56001.5539468, -814827.613797
1460.73329997, -17561.7844794, 15958.8949406
521249.62674, -64258.9377902, -466408.353143
-820986.751163, 17804.950655, 281633.240094
-21882.2520744, 64407.972889, 3260.11173207
-31847.480762, -32956.5628978, 63834.2059254
4990.61320812, -8363.70610048, -6080.50905971
189972.574001, -58170.6689978, -491250.004604
382316.504075, -59842.493288, 475683.241167
781694.582384, 837139.900447, 550426.607564
33085.5873619, -3626.29654806, 24629.4144635
-146155.494261, 485793.148556, -128020.746355
539507.044889, 86297.8835273, 50061.7264926
-45143.9087553, -45011.6602027, -18123.5157541
45148.2014304, -70034.6457487, -11181.6985885
-55907.8581541, -37288.1146096, 295831.695969
146986.182292, -55049.3886934, -86743.730655
-6334.92885869, -11091.9613146, -5282.71496769
236506.506949, 495881.738365, 37700.2104341
-70691.7728791, -523436.845789, 757668.643836
540810.884864, 525538.29137, -606614.867806
-202384.110367, -84539.3468792, -279141.323393
185076.925208, -311848.86761, -145938.214185
43405.4366146, 37551.1876352, 23219.0218041
-50122.0372255, 18824.5542027, 19907.3677904
-92418.741939, 139509.739491, -168572.914057
-309.39222959, -90618.7372832, 58227.2764304
-23405.3351807, 302437.674262, 86478.2958246
819310.223533, 238855.789489, 207321.421182
16171.7722545, -169887.133144, -207608.434671
-130258.266784, -305560.450358, 730486.980399
952845.403852, -273025.165313, 714563.316582
-123027.819667, -32184.0821584, 48296.190638
-45367.565068, -95512.9753093, 27935.4258927
10223.1310519, -250526.215767, 85808.4628646
63875.0204467, 17228.3876864, 71545.6665233
-41439.8898271, 51600.421983, 61044.2231582
-278217.303482, 97440.523032, -499036.081739
48563.8712094, 78633.4847369, 29381.8993824
-10816.201314, 4841.17103879, -6507.48556247
127496.115414, 18596.4006725, -28674.3701082
-4360.58241932, -501250.305127, -324539.983072
-14837.805689, -86580.8076952, -73614.9050771
-198036.738124, -1798.21180987, 250103.151725
45953.146341, -15680.26864, 6174.20170029
10947.7869137, 28440.9973692, -65539.0814018
-331447.409744, 115634.846623, 185097.092198
-97087.7146518, 108218.007505, 104238.420363
176145.79017, 157411.123624, -56193.6542876
528485.197102, -205442.775247, -199499.824375
-121041.995614, 169951.906206, 22254.9648893
-100985.371719, 491510.52105, 298465.318511
-16023.6269259, 77971.2545237, 408599.076882
-29444.601642, -56120.8351176, -406484.276294
-55118.8270397, -19607.4811673, -279669.273126
41200.8896483, 36749.1174133, 45282.0100838
20933.3263251, -105537.811129, -73112.8789054
-30513.8090272, 305333.823306, -199127.102435
19518.4288745, -1520.85948496, -364.520764502
-392684.802506, -43969.2736765, 220212.128721
15317.8724279, 43103.0876496, 77778.9789124
-199096.898835, 113844.568227, 80662.8843174
-780792.967544, -117963.302594, -172853.978945
-33698.5362602, 27751.3539205, -27453.1946003
-60272.2121906, -163099.460943, 124246.312328
-63143.0344694, -95628.7331214, 394170.64197
779224.317678, 54599.3508137, -38357.8562101
227104.616963, -66813.3458962, -4464.63067104
-26483.9766107, -3381.96016031, -3122.60030792
-229486.023595, -176082.716885, 140473.559634
-303716.38573, -202095.473858, 38233.1724842
-59470.2262587, 241295.1041, -15552.8190744
53635.7411234, -243264.665344, 154327.848163
92759.0870991, 40755.9807175, 64398.8975197
22722.2368315, -18617.8557564, -1385.73969024
-733949.278227, 30250.9935678, 898130.757179
-223037.543339, -51356.4293076, -146849.617707
-131024.096165, 96537.5920403, -209208.164332
68421.9722612, -139461.802507, -357600.592157
-171343.289283, 720512.85891, 836894.781881
-169058.126282, 470511.137229, -1840.42369424
-175138.565504, -52482.9888054, 144449.11937
73281.9827904, -198232.374436, -121205.890402
266761.766317, 292783.855583, -923919.792264
-1157.2255381, -57028.2544038, -9718.35367772
-307606.649153, -275982.714632, -48358.8225432
-19754.9684561, 171834.293811, -352546.5224
-160650.902517, -301984.593519, -313544.849568
76914.4569204, 23614.5050646, -422658.662934
281351.072818, 264776.835793, 304583.792641
-49580.0685382, 17970.1162855, -14330.3504962
-17177.883971, 151758.511261, -282062.772461
-600618.262007, -631941.090143, 733721.565544
57622.4729397, 71963.7166943, 58046.8380351
-652002.353966, 885141.065064, -453446.629285
-307208.181068, -87561.5084024, -12484.288248
623908.365438, 914260.829973, 729953.485909
109508.750961, -81091.2418524, 69565.0755957
-480511.202221, 20552.960075, -98334.9602539
284329.11309, -49718.7115377, -106726.329859
28162.852986, -16175.6288401, -7557.49366737
460219.187, -17477.2402439, -821269.954227
-74324.3082833, -67846.10388, -4334.17229879
535748.726665, 132478.721575, 788771.534483
-5641.81735754, -16404.061007, 11045.3315817
531551.900548, -196640.73836, -91868.8370149
189052.931929, -502851.557189, -118620.047451
-22407.1518169, 145016.451301, 161235.767874
203082.026225, 43571.8868885, -224619.327311
19560.9684456, -4633.72798288, 12308.7618222
456757.960378, -690248.768049, -347334.014439
-948523.92372, -147229.278351, 192098.678087
88802.8773589, -9166.00870643, -70254.9194974
261388.775039, -208571.103648, 41734.2490922
-937245.299016, 47388.7629789, -276800.376366
596103.340161, 42740.6127516, -32970.8622758
10722.5836102, -26947.0303487, -16541.4106372
-924009.004107, -607106.892099, -794419.343465
13819.9865354, 1186.45918016, -52510.3687553
-806983.459522, -196922.146139, 66221.7949385
-349089.913724, -106326.589743, 358907.652852
38020.2898233, -181575.217863, 37680.3568934
-32989.3121705, -4459.92978982, 54430.810284
-442981.871606, 961274.941802, -849935.380588
124624.752748, 168828.632786, -98590.0003214
703578.454479, -443516.163841, -579589.11266
709971.081438, 60116.4654159, -769216.947765
275751.371005, 758243.256757, -277291.819635
-9368.17352723, 237603.116047, 89903.9732067
126506.889526, -35673.0749451, -147738.490892
-130240.108315, 121383.15979, -239695.938575
366027.998294, -82596.4047118, -208195.120123
-147155.609764, -21064.5002531, 18812.7576566
31018.7174031, 63633.862209, -3430.98390624
528855.025271, 424545.816841, -178002.772379
18659.3691909, 42241.8669757, 22032.1998553
594583.923433, -17974.0385398, -386702.908642
-332432.053748, 291639.144499, 55350.7000644
962777.522128, 441572.100027, 18083.1806276
403254.735367, 900497.448992, -164777.261744
340185.523467, -40652.2323744, -444570.641128
-38274.0797428, 391092.944375, 267893.130622
-45454.8191518, -180361.882703, 40570.1668401
-779902.514398, -449988.059817, 439153.951816
86157.2788636, -140686.245436, 266720.434354
-646610.231354, -358877.093585, 152169.514595
829400.535989, -147836.496939, 526201.998269
-35185.8031115, 161125.110521, 13090.7436648
-1485.5668045, -9657.5973985, -109534.878371
-382655.509191, -257206.699595, 688221.626737
86544.7962622, -180374.90025, 72615.3310502
-762279.292033, 100268.866469, 350189.155905
-491535.051172, -137743.09315, -252099.938101
-94492.7891767, 12998.7014927, -107463.638804
-89647.5824347, -33748.4995511, 113531.366399
-5994.54462701, 11011.9975027, -5917.52161007
15630.2966388, 53161.3397001, 23157.5682037
115644.130144, 37584.0045715, 985236.2629
-58362.5043553, -34724.3571473, 6350.31461132
398557.642472, 127056.130424, 172879.125049
26630.0533902, -40890.162979, -138736.449121
8110.37814648, -190538.75023, 241338.609164
66184.5581574, 14820.3727328, 57177.2113834
-44648.7329871, -55103.461425, 156619.115764
-318436.863127, 729456.410159, 189176.92346
41996.4385224, -14230.1311477, -149816.006755
287970.550508, 429106.734531, -691051.387112
60941.4842511, -232886.485481, -77445.1073679
351366.09202, 57590.0897811, -800.573327144
593903.368397, 692561.069925, 9321.17166465
-544140.01995, -600276.414047, -466229.290973
72656.6651153, 63887.885954, 101188.982816
-162588.090802, 62080.8489562, 79868.7080962
167723.098913, 26602.0394198, 286621.558991
-271961.387928, 211944.067554, 126882.371378
-908200.903647, -385881.327889, 700256.428952
-98304.9205365, -361470.334203, 724106.596024
-340674.609131, -904077.591045, -896676.233421
-82722.0963656, -559.885606715, 41149.2325482
272246.961585, -421081.74681, 146530.801266
519753.904681, 132771.014092, -935746.329502
388894.694953, -867838.050971, -831663.052957
-23745.386731, -18818.6560493, 37612.1896346
533902.021403, -858553.030433, -621207.46363
-44843.1414351, -98796.7934713, -111840.977849
8376.58981121, 220441.398107, -3319.50130654
17856.6304462, 64134.030786, 147667.239814
-500572.347594, 338312.489485, -428795.62249
24446.1619657, 50056.5159447, 64158.235699
14116.8771237, -30226.6127032, -41840.2321015
-6080.75997088, 76078.3991794, 119911.896813
25088.5162889, -13587.092011, -50180.773347
205941.998059, -964410.298953, 659078.256199
655543.013226, 398631.672393, -131872.006552
28942.4616743, -9426.09149563, 40282.5751922
-172544.286127, -115587.905747, 394554.957442
-24441.6504858, -42936.7340726, -38210.239594
-429062.682111, -34813.30605, 315260.00543
454614.125601, 672890.80045, -712796.193138
67014.900294, -42106.6251839, 329144.458816
18918.218301, 10769.9153671, -15629.4081249
6214.38819232, -56382.3976246, -41562.2985933
95849.7138685, 55127.1675186, -31532.6440258
68065.4997971, -524595.010241, -205847.216665
-43711.7073826, 54085.0562393, 51912.9762357
85761.03606, -374685.650462, -59457.0294375
264641.403376, -354554.578514, -46946.6848083
-26314.5253863, 108895.584606, -392034.083518
-664623.386782, -511338.514748, 938699.444325
-140451.314648, -61964.7641466, -222908.136929
-103996.78949, -43136.7813091, -26033.9502433
-216274.622918, -375771.567267, -273155.183402
21133.9636315, 491946.107987, 599829.78489
980502.481661, 736830.399447, 332711.982766
-149154.383901, -433550.027958, 391559.784063
293239.313782, -332937.012694, 241792.96436
-333262.520275, -878633.767898, -868524.448039
32085.8471161, 16004.8786906, 42263.9491047
192422.220635, -358346.876913, -290358.218302
404779.698132, 714638.202454, -134934.882721
-111026.805423, -48346.5290979, -23335.5189377
-29563.7387261, -111438.990088, -52400.4769426
573246.734593, 997.992276185, 783094.826838
-78787.8102946, 3600.74917598, -97061.859953
-26963.1524287, 228487.171035, -56720.0172178
269399.823353, 280253.693913, 276212.164352
-272740.767915, 321668.912286, -16857.2543163
-148635.152714, 161815.422538, 423882.745946
-137591.451578, 51350.0389882, -564805.685688
173.404255414, 78979.0131153, 40536.3358999
68262.2587126, 306889.357397, 104837.596973
5582.92631349, 16220.7670762, -16809.699896
22312.0237951, -26024.6614155, -95845.1261639
106426.21461, -577426.047113, 371721.491376
51368.1684815, -41700.7162087, 47175.2385478
55922.3386186, 304266.307343, 66608.9772682
-9442.97457681, 16209.0725922, -54874.2642309
-95452.3477138, 296804.363128, -63668.573704
-255236.840521, 168532.253748, -158211.128203
-509706.388647, -348368.426889, 267344.299243
-107188.495906, -19755.1642946, 131327.961957
-2744.81379835, 11270.142124, 3178.59691368
200421.253775, 253824.708451, -308976.865077
-38508.551463, -67437.3972677, -50795.9516613
263787.384061, -985234.478434, -111074.495183
-4583.11817455, -34646.4056755, -72221.96552
306000.834891, 18116.3345037, -389925.307855
481169.952911, -678956.85927, 102495.098006
-79587.3387328, -113048.814943, 7993.55727362
-378273.401437, -934541.871791, -650090.470496
93902.6314731, -38184.0016813, -163340.718405
-495661.370254, 6478.94147723, -362376.050505
24506.14451, -119454.578043, 146870.456705
187080.679445, -57271.009948, 93568.3171946
60815.4720186, 36071.9979309, 15915.6276389
-129150.590356, -24493.8631088, -547850.824574
146887.886877, 170835.652192, -10246.4535755
370704.609311, -651983.920194, 581748.628495
-60544.0688485, 71561.5703715, 63825.8594594
-58817.3768452, 45025.4027303, -11416.9243483
453349.123017, -380512.538639, 493104.216673
166551.338151, 562849.714036, 112140.479123
-61484.0779342, -53018.1751928, 85640.5573197
-94509.9994704, -105326.908091, 114534.533924
-40596.5440419, 56423.1379159, -104729.945483
-69462.5611678, 732836.690245, 271593.670958
208617.070081, -205795.048382, 149353.232221
-43211.3151573, 210351.375553, 14865.416917
11636.662542, -71452.4228918, 186055.92577
-122121.315378, -668023.25346, -693976.775876
358061.681307, 956929.189315, -411588.114866
16301.9790788, 114986.320871, 102320.861033
25913.7389533, -813.439721259, -57785.4445916
46567.3018553, 33682.7981705, 41297.3812386
-367973.316573, -534227.461676, 36561.4358847
163690.051455, -305609.844577, -65042.7292296
274859.601262, 46206.1885741, -324912.823796
-334561.734801, 112138.045176, -206217.397938
-20691.7342678, -18823.216754, -20993.8961638
-365451.399669, 76695.4314255, -189006.728034
-36309.9210228, 20724.8212914, -53466.406401
-39640.0010516, -77895.8884443, 111317.389058
-698938.329997, -533382.130596, 161337.589476
-31082.829125, 791.066471178, 27372.9783298
537522.033728, -474091.650675, 454001.315517
482529.924979, 788227.087507, -549687.211254
-364902.75166, -105428.01209, -106717.525079
169191.424802, -37527.1964586, -299597.696602
171733.982121, -87879.1939995, -230874.238104
-142735.534348, -12371.5896457, 101479.832041
-271826.106715, -449359.860188, 731692.293817
4267.34645186, 5831.33975158, 21857.6180396
-137340.432993, -441931.900631, 743297.927943
122039.254102, -948610.446357, 552239.339335
-74555.9058482, 149400.379075, 199552.330986
-14081.5542395, -38701.2224312, 3498.73244278
-112330.931083, 179063.162152, 89252.3862422
170747.492151, 729505.968109, 235718.336203
754.023594566, -16800.6277021, 79430.5775213
63278.7477316, 566069.901667, -88379.3468665
606.597966658, -96020.1994625, -754577.87404
9402.58132338, -243876.643048, 22092.8558574
6745.8563349, 483195.063198, -516687.325564
-155082.771008, 747712.726154, 53103.2936333
39891.4616941, 43399.8867309, 3809.02162409
-169014.160164, -394753.459659, -913339.38706
39875.7200365, 323708.94225, 976952.370279
-156150.642534, 2895.39437581, -87018.9504146
-140754.841401, -3657.32548755, 87820.7141821
130601.902475, 38433.3219706, 544341.480176
-902655.003269, 621981.903232, -142236.912255
46041.8342169, -70370.7439683, -19488.7301795
-310248.634257, -712175.98826, -210941.045425
-411022.060914, 557049.379654, 64769.30406
-289388.202903, -411804.97896, 165457.972459
184183.57713, -191574.678958, -309426.535855
-71392.265225, -47801.6206119, 64961.2337122
22497.6016819, 20075.5619345, -75986.8282912
-718.619133073, -10797.0600531, -5682.28853782
-101101.688027, 56681.9554123, 34691.2733941
-25484.8562728, -28599.7600286, 1634.44725688
11010.4634373, -64323.8953252, -286962.364652
204590.213322, 79444.2334997, -191501.003033
21592.1028401, 182505.860977, -41661.5683188
-73417.9435698, -11540.1582046, -23350.0706984
-36957.7047282, -324.253351229, -47653.8492056
-7326.89964973, -1440.21141003, 50989.4622696
95169.2538122, -863952.924288, 626562.562706
561061.538572, -421428.855871, 172175.05885
-872558.443673, 45403.9532743, 336222.901842
769890.351964, 810220.780615, -742829.105041
110804.298, 12649.3231906, 117329.692056
-94657.2835261, -98904.8962961, 65275.8296888
-33850.3122817, 30615.2978143, 3642.91244792
-502255.292927, -111376.104245, -339394.1348
345311.757857, 130188.54601, -220047.64308
295175.428555, 254056.452731, 59145.9417998
-20351.0635372, 210860.849279, 142525.912288
