-8529401.8561, -638684.190601, 6442687.84164
-4434574.74634, 7770898.02149, -732099.250023
-778243.239659, -2630243.96429, 8928844.54126
7679027.63343, 332475.421346, -1119265.69821
8967385.11064, 2270152.94692, 6579658.42448
5419223.00973, 4411203.71295, 3472193.67066
143010.498849, -9727297.12656, 5607507.84858
5802565.09862, -2015925.72877, 7328821.58059
-2240730.89734, -4544662.55503, 1864250.59634
2246446.13832, 737004.931399, -497653.996144
350779.420285, -8392104.15237, 9945040.5701
5922562.36705, 4646171.11135, 9422795.10122
154688.041119, -411559.600588, -264170.482013
6396730.23429, 4703044.95312, -1743258.1765
5268905.20978, -6999944.46711, -2381645.17351
2950586.88689, 3393026.85118, 2747016.08879
3160748.53251, -4643075.76348, 8603885.92642
-7767189.97578, 9666532.97542, 7651024.63308
1322452.55841, 123664.9752, -8106396.27327
9372894.96123, 5699727.04601, 2979320.83568
4054508.99753, 2524060.75282, -3341132.54941
8708123.75083, 1837854.89522, 3756175.77092
-1152690.9601, 8110636.5306, 5069073.23234
-7197741.98603, 1063563.38793, -2854436.32703
-885881.059073, -6987306.1859, 1769697.77796
-5906642.11073, -384360.372634, 922371.001867
4048096.5493, 3928578.84631, 167370.784074
4408968.50473, -2871107.39169, 1087479.42668
3999414.61694, -5388271.36866, -669061.331271
-2359153.77931, 1657142.49175, 2621507.38138
-9038885.3186, -381536.497664, -3225978.2869
-2287228.67583, 6906589.71657, -816159.053608
-8972677.782, -1355358.40803, -2563127.30959
876004.914491, -763788.021711, -4474613.11801
6006195.61543, 8311227.56293, 2449567.33649
-7326518.49898, 2978497.44925, -3968997.82666
5102033.11551, -1089004.36618, 8105173.64416
370610.654062, 2068173.16597, 9484234.68553
452070.041256, 1886963.39214, -1799073.56015
-159273.829344, -8841905.41934, 4132204.71089
3277022.2736, 2176097.88689, -3478062.69743
1465173.4992, -4224607.49758, 5682775.5458
-5007464.75654, -2292169.75551, -9162168.31856
3303474.62081, -6919547.93534, -2297237.29012
728390.425874, 3353527.43859, -2223883.86966
-6063146.24478, 2543740.72467, 4077124.93422
4089766.63377, -1168797.70477, -806400.640402
-1150991.32568, -3984792.25759, 3501224.53225
-7276091.36961, -2567358.83273, -3997436.17185
1745840.67376, 1153072.91273, 2939047.19139
-5537545.67785, 9655078.92285, -472228.33515
5747202.12001, -3751990.73042, 9225005.77196
3756394.26703, -4243662.69764, -8310720.10781
-98865.8532123, 293153.227999, -8262674.0918
1431665.76064, -1171114.2879, 5879673.474
-123979.934027, 154710.036656, 29966.1500708
-4851379.9286, -8022064.99599, 1129941.68621
-1882175.43978, -2112165.07261, -8738988.91074
5958357.86582, 9829330.50748, 5077004.07167
-7168035.22008, 7063380.45693, -4651517.02868
-8508233.2086, 991514.442031, 8823264.68964
1236709.25105, -7066851.97831, -7276393.47765
-85329.9376748, -3402435.90129, -1074548.72775
5566148.69252, -6466414.95088, 1559297.71834
6544845.38734, 7698819.22023, 4362941.38516
-3131769.29246, 2455158.28002, 3670095.64873
-6686937.95486, 4402306.31451, -8525236.47064
9615130.6686, 9089435.26213, -1187955.99857
-8753191.12996, -5941486.49233, 7525920.32332
-2803527.44311, 2460440.25248, 7155010.18312
-1035514.23108, 5490716.42402, -3334937.41955
8908487.83424, -2398291.70265, 4225056.19355
1074277.95065, 791843.295842, 5705764.48716
-816712.129102, 6408096.28627, 8417190.35844
-2967821.42407, 7306630.55997, -2634064.43487
-4699614.34229, 5246452.01014, -5679552.09348
-7231037.2239, 1595350.4976, 2162811.93799
-2929843.07966, 1029542.91245, 9616056.57052
-3356117.0449, 8484974.23392, 506133.312554
5277799.43503, 9028920.06499, -8377403.61173
-2357324.31002, 5839337.4799, -6205198.03422
1045921.78719, -4881474.3477, 6142473.57984
4585479.57712, -7424273.35554, 3515471.51406
-4585999.59958, -471429.622354, 4726110.86492
1741849.46045, 2912545.48873, -2920609.48743
-3593542.10538, 713467.010282, -2017841.16307
5760434.30798, -5094349.82406, 9099349.47881
7117006.35369, 3328453.46495, 1382559.04304
8983276.60687, 2711613.30403, 1476521.45919
-804996.108078, 9502589.50267, 8627145.82315
-5204631.56847, 2415244.39609, -1166651.57846
-8677878.00861, -2350119.59004, -4546074.24009
-6652171.71452, 3680925.56889, -8707889.54348
8533369.04219, 1414537.81076, 7928844.50358
5361816.80018, 9960977.40926, -7386663.99793
-2812531.96125, -3951758.61064, 2148694.91423
-2193832.18921, 3420386.00781, -5800452.51861
8695975.95299, -9850898.18855, 3559885.34537
5781489.67086, 7136623.81103, 9935370.47729
3567958.2738, 4353209.58565, -1884282.12672
715041.391535, 201778.601528, -187093.868202
9704905.87759, 2685571.9935, 5786440.00391
-3244193.8985, 5178036.7473, 7471894.75052
-8966084.54884, -6909268.90757, 2910624.66286
914453.86861, 5126605.71938, -1803760.44931
-3108157.43603, -9912894.92203, -7988752.35843
9354961.60857, -9846967.31908, 2924335.31421
4316276.78697, -5622934.02452, -8214609.17135
-3392769.39273, 8899904.37748, 5620939.49714
432598.329817, 5721258.79259, 1625094.74208
-2400743.31546, -5707465.88741, -7897085.40302
7048573.19751, -1218453.23576, 3728183.70696
-1221035.6961, 788184.39006, 3158361.26791
8744064.94634, 7314563.24901, 8624333.73944
-932020.956706, 5593036.78025, -6882867.89118
8622589.24017, 8379757.38936, -3690142.33929
-399953.422521, 3483640.28151, -2633854.09178
-2831550.98032, -352094.871656, -397029.278082
-1487722.17675, -795826.077685, 504251.238371
-7481882.51026, -9574960.48541, 5603934.95644
7993768.12299, 8939222.46622, -4569746.97609
-3770482.07909, -4909015.17361, 9818312.04223
-1687354.00894, -7787067.04233, -5526490.63446
-5527875.19621, -3993607.12644, -4027516.71698
7942620.69713, 2355490.54922, 6804307.59983
-6502909.12235, 3209581.6692, -2130554.77227
-6612994.13342, -1591117.39969, 3342627.29634
7895297.25944, -50485.4689737, -4054182.42996
338630.46171, 4993992.79946, -8035005.18982
1778774.69679, 9989517.66667, -3094468.81588
-6929819.99026, 5753793.235, -1692978.78603
3773495.49601, 446353.283003, -515369.116875
-6186890.80499, -8305947.71437, 9950565.8739
7618322.87565, -7253676.46067, -3319423.94403
6392891.81903, 8276051.83963, -2821049.57984
-2954689.5291, 234115.011134, 5483346.41994
-1275349.45124, -8558237.34284, -5857870.36056
5193600.41764, 3528234.88623, 870258.774189
7775713.95156, -9985084.12316, 6137211.868
7758015.04161, -8884276.85036, -7138224.36694
-4334411.06957, -3724446.55388, -2532125.30249
-3411347.45013, 4479532.10967, 5645098.31495
-204722.200332, 9723649.20342, 178394.170018
1118917.59664, -438314.476299, -3118148.53601
1587742.06463, -1183306.22054, 1907069.12198
-2642870.10105, -5332913.71895, -1007465.5977
-6942633.79874, -4471024.66049, -3542163.39916
-626942.05477, -2238956.89461, 1364798.28329
1148863.95827, -2794777.53428, 3658081.12923
3594110.2926, 1133772.93968, 2619439.37524
7177791.98325, -3272942.39228, 944668.961675
-2501979.13287, 1600794.94833, 2302447.53834
1177191.98757, -3229283.18722, -3393053.67781
-1769831.75017, -8793928.83124, -3472514.85368
-1719146.43074, -715023.711286, 4333886.19945
-7453928.92931, -1338644.41092, -8930467.57678
-8080998.00582, 4856271.27488, -7858025.26235
5080912.97392, -1553084.25517, 2692762.57639
-2243193.58017, 7919191.27365, 8914474.49095
1421070.24432, 7039118.23056, 3200903.85592
-6085087.24526, 5676505.36352, 6274703.50492
1755494.24207, -5687392.52436, -9338207.8245
-327162.338048, -7431928.00007, -1222971.9823
-4841009.63583, -1031534.99969, -2684552.76972
9319443.85005, -8685142.10697, -2036221.85263
-2707181.83326, -6915985.87537, -3007515.98768
4194386.66213, -6534907.26843, -1783533.59551
4456.33170305, 1646523.99064, -8735425.39485
-9362669.88491, 3811074.18044, -9539351.50844
-9251786.33436, 6730178.31031, -7457169.91663
-1797353.85619, 882756.903096, -3416639.43093
-5059593.6051, -262395.643863, 358692.791369
-5143016.29444, -6251186.98789, 6149844.71417
-935131.42234, 4879919.7578, 2800206.96509
6333284.39417, 4815728.84412, -448542.127377
-5931647.87297, 7577606.62007, 4010224.17635
322806.82102, -208902.088828, -211125.846403
-6821121.99026, -160112.868251, -9773678.96623
5389567.58744, -3882581.94228, 9801960.76417
-4655093.24865, 7281284.69126, -6443759.54209
5134404.47593, 6517552.51712, 6379070.98856
-730276.818267, -1770290.45006, 4122319.96983
-9108049.87397, -2294437.55794, 6643283.66621
-28951.346787, 6713.4257449, -44561.3787725
8938202.47499, -1140907.32726, -6208043.77079
2223496.87285, 3523578.28047, -2182329.28162
-6050035.48858, -4158099.60288, 4298455.76897
-1793826.05255, -6617643.42227, -4635833.80511
2054672.9903, 5181766.38502, 7878510.61825
724125.859021, 2085792.0891, -2225860.63763
9496493.09159, 540977.673143, 7448189.55862
-4206516.24846, -8237924.34766, 1498124.15727
-7154233.52173, -2779299.1469, -1835725.82817
-6083304.57668, 8306617.74148, 2755793.4744
-8829796.79263, -8744140.70291, -3174856.64533
-882641.299064, 1038281.35864, 9914257.43454
1260569.34438, -991637.57684, 9569923.65206
3743890.98452, 503618.210545, 346714.316146
2444882.34574, -4895157.84177, -8385968.83789
-6786756.37993, -4872597.21281, -2156654.02689
9697368.07213, 1490369.92674, -4904144.84887
1471407.98856, 1835061.48173, -5276310.46994
-4004261.78585, -8549632.44409, 6359017.80114
6938093.70767, 7735222.76826, 7874164.33844
-7294067.41434, -4369666.25451, -8704199.90527
-9426066.12428, -3955606.03248, -1794469.64118
-3360.05344685, 7599.50272374, 55808.0360918
5348706.94612, 9089744.43658, -1780381.51698
-434414.09415, 2117137.18066, -3780946.57477
6139080.58778, -6585446.44989, -8620701.96535
9577895.90873, -1921928.34077, 6898109.36543
-7966462.67859, 8167579.32411, 3862209.59695
-3305989.3083, 5463564.11861, -2995467.18754
8836332.99141, -4478866.22674, 3255376.93249
8424085.64536, 8539441.71363, -4105964.08713
27809.9780081, -1076023.83866, 3320145.25253
9077677.70042, -2213060.31364, -5597822.78996
5335726.5509, -4561679.06989, 1805340.38699
-3574281.26386, 182457.940653, -3772042.61936
9709517.86096, 2798080.63591, 6548540.64199
147991.632107, -274776.79234, 110313.228546
6778690.16636, 3417870.35891, 7149910.44728
-4520632.75285, 2690809.34199, 1512586.62875
1612391.83646, -2998704.05757, 4065603.11294
4008476.00766, -8673924.84341, -9789146.12382
9562944.79614, 3821670.50408, 8999610.61671
-1432325.83682, -4468522.83508, 1271228.91999
-5699753.77285, -2441809.58962, -9507821.92826
3982525.52819, 7446814.92206, 8876088.28181
-792117.362103, 774695.457807, 7019799.00789
-4232428.67086, 1026425.27455, 1375412.15239
-5659672.88976, -1532594.60698, -7653998.0903
3075640.17382, 3406946.50908, 1863501.76742
-1948154.88287, 4214846.35661, 3790526.36611
5801440.42203, -4487704.86954, -2228716.60801
5185771.39075, 5751291.60458, 4412135.30328
7544359.68577, 6034476.06904, -2881465.48336
5442402.65794, 6805869.10694, -6960406.86552
-7498532.38009, -3690621.01304, -9559627.52417
6341598.0557, -4113547.72029, 8715948.93559
3599286.37527, 9638864.2983, 9665709.46856
7856706.98931, 8570717.47898, -3921161.79705
-7123487.07167, -1588447.06414, 4706129.05167
5725845.71325, -2555879.34327, -285148.454457
6094003.79393, 6299364.86889, -8587033.05056
2385401.32811, 9821955.03349, -1400428.84844
-8311099.66665, 743873.234935, 1389872.16932
-5317980.04056, 4852683.89005, -4991792.78789
258788.096697, 242193.28117, -470348.657467
9645767.73267, 170994.31246, -5971459.58897
5193574.45027, 9379404.97063, 2836807.46983
4577119.85977, -3928459.4026, 3836880.15729
-1862674.70814, -9635818.85238, 1017966.71108
1836571.7203, -3894159.84885, -7217482.70321
59213.7962922, -19980.8741336, -6352.56056979
2056038.59108, -5482489.8745, 7803830.59155
5930564.2866, -6055550.50381, 7340187.79818
-9570537.32666, 2935552.03928, -2467438.25552
-2257820.26515, -5522501.5818, -3838963.46732
-574042.52643, -7722357.96601, 4146221.14016
6068706.847211152, -8114405.364275039, 7621656.3313483
-6983153.457934208, -8700962.142486563, 2568766.3985849433
2742028.593310578, -5188733.931798319, 2557943.403258294
-5245537.535294353, -3422451.9964008797, -879104.8329053223
1778158.3634853195, 489742.2053054925, -1272338.8965075463
-5049716.578364121, 1124714.9317615759, 243598.27167277224
-2134140.8786281794, 5145711.73878579, -6302030.241375087
-5226292.33413681, 6157728.7612368595, -3257500.6520320503
6098426.100621754, 7665670.737182658, 358329.46953375265
6287607.21705226, 9441668.230644103, -3141646.6597690014
3262102.733864505, 8183780.967334311, 3541295.604622649
3078203.744007621, 2168567.5490557067, 6630921.04761144
-6045998.969864195, -3113207.887058667, 400478.5960013345
-282705.32426143996, 2273465.8098708093, -7503873.8547698185
-8171767.680873552, -2983165.2719810894, 4428830.663156327
-882857.933245372, -5203707.544589404, -8998924.5732085
-727213.7779756878, -846358.6558283512, -1488534.0562701449
3515812.8315595705, 2016843.1484619062, -1168844.9864410702
-5928172.405832792, 73109.95947648585, -6649140.811516188
5299579.970237032, -3372831.214627117, 9614702.991396133
-5194228.750582907, 3648245.532538824, 1726303.5975761656
-6956516.179574967, 240125.11933119223, -6009122.589983405
-8774829.663755996, 5844648.271262383, -9874278.616056127
6303790.787797805, 858832.6256219074, -3132717.1162371757
457380.1717014406, -1086497.4012880232, -824775.27694696
4620347.086068403, 3691083.842956096, -4115681.9889400583
-9505322.635258084, 2540831.1689342298, -6462492.973055258
1508983.0029770639, 6950208.481748968, 2731180.448064998
4320352.008796606, 2562534.021174969, 3139885.4469257444
-293922.5755159985, -6614812.877139958, -4113528.014187064
-7660982.694455758, -1456264.2999394052, 512336.69483656064
-3967803.5746052535, -5861058.64545059, -62921.76829093695
5695051.752764115, 4973901.572717698, -621055.4643238373
-2373882.007006078, 2793880.452893436, -3185663.592239734
9496556.145604722, 8398886.509355534, -8076419.548550289
-7438077.77452503, -7416367.473071311, 6950167.184411071
-9558047.699565582, -1446754.2834362015, -5665731.519523296
4881380.299144112, -4250407.405108283, 1133618.2490944564
-6974423.740002222, -3475444.893548485, -9728669.88782403
-9020246.008178923, -3509717.723500993, -3219777.4065645654
-293016.03974223696, -359899.69194403663, 3710712.4749159776
3441853.04185592, 2352371.1757158767, 6210954.613270501
-1411030.9485101346, 5628324.114893662, 116835.43525742926
7595993.966619719, 9385479.52501392, 8594193.344020128
-2611177.9222962838, 2967782.6653308664, 445765.6270100437
-4675012.407020751, 7743258.066619955, -5864812.221110114
-3435293.243909194, -3102139.4936251845, -4475970.872507393
-6886859.199065514, 5017687.067815844, 3113285.580142133
8240395.115164932, 9393374.810457416, 7941978.833394993
4019684.134775672, -453836.71045535617, 7259742.144433513
6376962.446841037, 9645254.046916015, -7089731.945544602
-819575.9593900256, -6893498.955891762, 5184210.7324959
-8799954.058068218, 7912015.923009373, -528344.2832372207
-3695649.3992986614, 9367896.567980658, -8544420.22905213
-8955642.23623141, 8203232.169064198, 6544588.588887084
-994019.5422532801, -9151194.28426523, 5631937.922395667
-3520790.0733793788, 3723086.0559798945, 205922.8821354527
1047691.1766902618, 5363842.950031066, 5559511.89861938
1495728.1028304137, 1301103.9300194476, 4497203.82544137
5200481.076584658, 139253.41996581666, -7478882.291835478
2780833.0672495086, -8991251.542027539, -5225360.429376283
6242061.195993289, 1783723.7731990237, 8635888.642407306
7886949.322719585, -5974574.542373873, -7676944.623726145
-9804124.610706612, -1535398.5159615483, 9966024.223608542
-7117209.9325937815, 794258.422301719, -6192865.949090308
-6458052.373765323, 1682311.5451356173, -7544670.423565805
7419183.153685801, 8593416.550333358, -6307222.502213603
4721960.346741471, -2592129.0107467975, 3504963.4582835417
-1950228.8678212203, -5847211.637729495, 3177217.6487805117
1352424.0007988326, -3708937.5398496995, -3625868.8986810753
5599882.487420643, -5517541.942970241, -1251624.502284037
-12915.194498723373, 119379.05214352906, 68120.5701632686
616620.1583783329, -7136286.019265076, 6163353.004551271
-9684855.603264663, -6985056.827588645, -3124615.152120514
3665269.294777712, -9396981.319020264, 9448163.52691307
1192495.3449459039, 6885152.72067862, -418484.9369812645
3778107.859227238, 5409900.288742274, 8909480.601611447
-8305067.145837301, 1375950.3992367163, -8124532.339885091
-2032143.6358040953, 2481977.078807663, -1020205.3649706654
4447011.512538355, 3771054.366156807, 3850185.285502525
-2342369.355514655, 6214536.683553273, -5389923.9685195945
1134486.4081946444, -1494577.8133818712, -3531745.147617045
5761778.371845698, -384349.94789956324, 405034.6308013946
7452079.392916121, 53972.0967625957, -2014883.1189620635
1951325.2830989417, 6316940.1448298115, -8629126.703352982
-835987.9929214809, 1116632.6672571395, 5301496.006307876
-322719.1820542142, 874631.6931368187, 1422141.7536010332
-4459672.647671547, 8295613.920963705, -9394360.815486925
-5717236.855433656, 2541290.401020715, 2781475.0221157055
5270576.853397666, 8163885.288984381, -9470298.862953138
-231816.88769822195, -7082082.741089048, 2352418.5175763816
7699883.279774681, -4619939.088167025, 1603769.9569401797
-3871946.699740745, -2507143.8725182936, -802335.5543269478
-7422633.221340103, 3856714.5310115963, -8536485.081619436
7769905.907535575, 6737885.735678146, 4481738.086091636
8330390.355171584, -4221548.3229917, -6307127.088213318
-5311994.431825462, -206492.49408844672, 2480323.0563609023
1113159.8331020977, -483209.99244329706, -5302577.58450485
-2236754.847134847, -9043779.840038033, -3197698.214562637
7115031.410093144, 3450767.610577438, 7259027.897078339
6871061.0075958595, -9390043.715800527, 3151944.434266582
-7416584.25796048, 1194149.0479763914, 9592457.832030553
830509.5922756251, 2043738.208715396, -425857.6517335586
376018.170438841, 2825501.3059437834, 909904.3494933024
7206626.412002869, 2783660.8393671922, -2412719.7513864785
-955978.2410538625, 2080724.2809606623, -2215449.3478638334
-5600706.527575731, 9557052.50781772, 4504192.4852046985
7160227.24889385, -819198.5188768227, 4527265.093438106
-3350048.7366293343, 3627089.7435831726, -5454043.5456260815
8860916.175880682, -9197836.243151188, -5981451.393304981
-5221916.862533942, -2912089.741707107, 7723048.749722552
5139727.366889773, 7515685.450297002, 8487417.018172342
-7001048.892113384, -1752305.2740666056, 3712911.969741188
-1750653.9834102243, -7079643.718295611, -325597.6885127183
-1229017.457321791, 2911993.4635739606, -9813068.12703459
5360737.805180419, 9110699.241463557, -942602.7329722755
2601184.038502913, -6636725.035180083, -814601.3912437372
-204269.39689999633, -1013662.9266826231, -1449183.5490594879
-3821630.130872675, -2147340.6792371646, 1071330.6713905577
396148.0448647905, -5221617.336217257, 9629638.22953628
8864964.38991858, -9043410.88682234, 3949696.670537591
5647570.467029115, -6582201.867074542, -1035777.6563150864
8146396.833788894, -1068440.7427825741, -2004141.9530234775
-9752400.13190396, -2281531.9398840386, -5121560.584086067
-6650643.4782167645, 2551884.2141237482, 6674974.186103277
946981.4045682847, -7285993.1864970615, 4751777.608988456
-9545608.48999545, -9488299.680645466, -3381403.9974077996
-4970971.450036377, -3234201.712346663, -3292251.79426599
3691281.7072993144, -1373326.0010257568, -496793.46685503237
6903398.317610942, -6956372.922496663, -4113860.9479240505
-5338098.107782289, 7461513.318404097, -9396998.658470303
1422043.3425585441, 9785409.006067518, 6836593.635607574
-3393523.941220169, -8094637.3713393705, 272723.8399063349
1402593.519556271, 8198489.762762226, 2338951.8300846033
-918895.5105691887, -3200645.435688776, -6984139.204608104
-8521610.938411726, 7020650.2024285905, -1751263.7366433134
589661.2733370811, -5949226.190702297, -2575555.7629032256
-1801535.657243427, -3661883.7697503846, 8362740.513865083
-2881972.2313787863, -9198316.495232422, -7470465.727759499
-4775898.939844075, -2777903.0234780386, -1666923.067143009
2199226.320607554, 4330985.559764519, -9523375.630515719
4372462.915149653, -8892487.222441679, 6712625.84902188
-2755986.784538498, 5365946.301349675, 9313104.919767238
-48934.09163217433, -5935745.830165071, -2277132.339193277
-3997296.030169173, -4553837.395196389, -8356875.502048598
5207920.249965191, -4021411.1932031214, 609960.4776793234
5457357.33881817, 1238694.189608058, 4647256.06329242
-936269.2981385682, 1216800.144335771, -2750452.049533773
1047253.251358958, 2515810.90500699, 6814950.824156124
2636775.814736234, -1534374.6944397278, -5118348.670469013
-21721.17706624791, -4509479.482998289, 3235789.0056861658
5809271.494901273, -7704092.926393076, 7796682.9370212145
-5776310.797221613, -1689466.3976438288, -3595558.9242082685
-20909.233885826543, 2704539.735486511, -2283354.927430081
-4847822.399753456, -1641999.4591810275, -1332205.171494713
-8983590.929459086, -5928255.34935067, 3193375.6838204805
-3836876.736110717, 3758976.5233910996, -9861724.400701523
1867942.878981743, 7914450.485703129, -3177940.357127495
-18373.02442296222, -63657.997067773715, 15978.416835851967
-2611823.114779301, 3108174.598354835, 2015461.6276225839
-5020214.480175997, 5167737.243893739, -3677302.826947693
7262856.783334859, -4722095.399467632, -4589080.682164275
6948409.081309158, 3178431.53075332, 1562621.9155482687
2278488.896418415, -9433647.0003424, -9244598.157498442
-2374920.405922343, 6554017.28604619, 5914179.647197714
7371743.1996581, 2169305.9660136253, -1029906.825070193
-411539.0581917558, 1490956.1021350808, -8475451.002432907
-6837830.920766221, 6962055.762810666, -8471879.37228703
-4496672.812244358, -4527516.000066564, -3336345.2287588436
891583.4032513592, 183224.5226852689, 628249.7999148313
7742899.02847204, 1813570.1944401152, -5255528.29943714
6933487.376902919, 8391724.297166884, -796038.7166371513
706828.5599361584, 1049135.639446048, -3189927.336488654
-830864.8663096521, 9494663.153664738, -9415037.274804138
-6811986.306511639, 4603500.646940259, 74457.72327745706
-1918614.7891733116, 675287.7972043604, 8459398.015567694
-6388340.978827454, 3683595.0587402247, 5528094.110656191
-1478245.0338033661, -9476879.396533128, 1365688.5316039827
-4725823.116213617, -1899045.3927237391, 2870901.6737475377
-4566474.1840084195, 2695470.6224309895, 29703.393416931853
9606571.1039453, 9578242.732100707, -5481907.62449081
4827788.249826567, -5491482.3323953785, -9658542.312950004
2589187.324294286, -9927021.07759337, -6397723.954254469
-3977710.3595548673, -3269081.9695789823, 8713404.372194547
-5384699.716633699, 667540.9113146495, 4178138.4190345425
-7623843.167551596, -7514217.271841779, 7434558.598795146
-2268752.496699893, 5577404.109328065, -5969481.842305088
3914238.2815333493, -6036542.696225744, 8022350.417427551
-5925477.276261557, 1641026.6431655083, -6209018.943225455
-7406388.39627137, 1933314.4190842118, 8708842.737378947
-6982200.051759127, -3776329.001671006, -6514981.756479947
3206954.785132328, 2273946.9974542856, 5388897.520192493
-8953876.53649754, -1711283.5377011402, 3001165.246430548
5060211.892876463, 8590889.933884516, 1814711.9896083456
7441793.2247055955, 6974558.724521305, 862880.5435241032
3720574.489069894, 6191283.66910225, 182389.14123270474
550066.4400089364, -4553547.00998192, 8145280.004651256
8447889.942810345, -1422936.181468932, -1392009.5639224406
-9612935.833395228, 755406.8770667724, -671301.4236154407
-6756563.627845315, -5566417.26660801, 2830992.821779767
123893.42994460836, 2181761.5692402553, -7595708.314564178
3931588.459809825, 300976.1485812422, 3389806.0751920883
-8907430.049200058, 269842.3954561185, -7515275.3311092
-7261970.127108697, 8801017.236208122, -466048.42359047756
1084296.5747512598, 6247742.033565678, -5744482.055252509
388549.5582199935, -1952109.409717897, 677840.3550502677
-7685498.340527106, 7527881.758163318, -6727790.997726837
-5351224.059472477, 276347.12776425295, -2473030.064946426
-5692864.596181255, 1669623.819356732, 2958335.807527207
-2154930.022699979, 8383150.857867509, -8154017.234777255
5995327.540186664, -1900862.5354917627, -9678709.508550376
-5107124.2920930125, -3662845.1119244713, -4613579.026334169
2296810.5145756193, -1430936.461259529, -9967820.956419121
3040239.0830345172, -5952876.093164929, -3599328.0471818447
7414598.621820804, -4478711.523790455, 9006215.869146727
-8136411.622894726, 7916755.770510044, -1856575.9568388844
-915617.6461142413, -9457682.064138066, 9272724.543088667
1431921.7442874704, 2831051.101526307, -7070046.498755218
-8722408.96489011, -2282602.7141375495, 3196185.273708649
-8051354.1196236, 8696737.264981579, 992603.6469549853
2024969.3631265834, -891057.7412182167, 2661279.281528676
-9254056.552855024, 1861569.0859700479, -2157019.9662405057
-4202228.013494593, -8475546.116902694, -1904583.0875111157
6709614.265395101, 3811624.380533997, 509453.462292593
9316923.488078326, 6446173.821198264, 374234.4060655106
-4645798.894836055, 1074010.672023164, -4477898.774820472
-4995033.558793192, 9753387.776705839, 9521313.21953943
9197629.239082094, -6331982.28455849, 819945.5242188945
-3685105.081278057, 6237434.090682801, -1912470.2914559096
2499305.1377271693, -7027166.867501749, -2172978.6054861043
8525382.036194112, -1745593.704656534, -13013.574277976528
160079.27541142888, -1797762.731705035, -890658.2048334349
-2117648.814412052, 4252043.405679373, -3355308.3916960014
-8768128.926366892, 9333756.182889327, -3152499.776873761
-3074745.2588448618, 9029442.432834864, 5243987.367640199
9273622.533459395, 5283981.486106977, 481449.97868105397
3174923.730941044, -6628023.656439539, -203626.9436746966
-9810865.90660129, -3097223.7856350485, 4082481.2391373366
6026959.643392412, -7199010.505825309, -7701836.444469912
-4472958.684509869, 1986911.376488572, 1210464.7256425675
4410034.370252036, -3526438.168768811, -4403085.112989143
6374027.562467949, 6517028.128773203, 6700371.687629143
-43206.427596451715, -1685187.9786425065, 3337585.1084934194
-830835.4533957131, 8126728.666899793, -98204.20681926422
-2471850.2410184387, 8106095.351399828, 6591247.499129839
-9455486.432947252, -2381785.894762869, -2188834.189190523
9635770.33077154, -6573546.375772795, -9819384.245359728
2741514.786256844, 5554103.467750862, -3604694.1304897293
5157196.225878241, -2574936.0193777205, 319976.0754551999
6112222.832714684, 2860794.6224936247, -5635380.023143183
2541402.6237536483, 5687863.269399077, -4403176.225170087
5225614.919502834, -7098963.522941992, -4009225.1391298175
-7001347.429050559, -5521128.218499056, -6496465.346244901
4580922.075185455, 4869289.449724203, -5241547.571275713
-9580434.60160666, 2129042.2219684646, 6228036.651477911
-2135590.874084794, 7686770.827263679, -1574550.0403740853
6491678.815761173, -303970.6255621258, -8145438.453977139
4501924.919102941, 227574.78951990232, -1146780.406047115
-2713635.3643782483, -8587444.076451626, -6199284.307333599
-2512097.3253945513, -618414.5396988653, 2100027.603224203
-3331836.7476019617, -4483949.207702272, 7229677.025949039
-6470284.911374712, 7348445.909944329, 6936938.4608771205
-5892252.136332173, -9298022.906661194, -2325674.705416279
6193061.26994613, 506330.9683906678, 112764.05802099034
2954543.321932152, -1177599.8337961175, -2739866.67467135
-147088.36989640072, 70442.0180152338, -116393.76923258416
-4679398.950739846, -6617606.907259408, 9916509.827913541
-2733302.087957643, -8408500.553899836, 457002.1725192275
-623891.3697455358, 72880.0874325838, 880880.0007768422
4402378.048363069, 4075832.1163800694, -6808684.357637635
-9831058.65027871, 5463606.527652083, 7516459.985337198
2499183.837835286, 3754697.9885941017, 3093014.414136477
-9075351.361868223, -4834500.161736835, -5229341.456633432
8376203.192836117, 1046885.0893795509, -9551067.457959047
-1346082.126170138, 4340968.908764657, 4794340.298212489
-538840.0517765861, 4844547.405983832, -1451358.9103460368
-7833606.459489942, -9400583.900715142, 9121559.501959506
-7145963.894753128, 8418535.195998784, 2405004.2300227564
-655277.8485679328, 2074684.5274258852, 832480.223577898
-115258.39782721363, -142598.47367211245, -80671.0568429716
-1504457.5021325517, 3307689.9729082882, -1505505.0103367697
2646314.8855883107, -897261.5869234018, -4383793.766373781
-9275781.227283474, 6083840.954889251, -8679238.430636972
-4220188.0667400295, -9313224.935960187, 2394937.170155676
632027.4509027395, 2583949.4847288597, -6242228.854843387
-7668276.253235467, 8611921.828571469, -1715009.172117534
-491791.7777938321, 7475918.774659969, 9159911.078080885
-6038319.698384389, 6720558.9201012775, -4436656.449791938
9954196.76920377, -607300.0124273766, -1917391.105477835
-9302234.106604757, -2410512.923569354, 545717.7290225346
586038.1658611577, -1272486.03667981, 3275669.0401006863
4442310.59601344, -6813982.083750771, 1370276.7337100469
-5718193.042654401, 6871133.448470306, -6783539.287373972
1531054.3874727394, -5121731.836634582, 4254448.591067702
3094141.382555928, -58230.95874411613, -6948124.219983796
4882.526953741908, -8485260.38448565, 664118.9623489566
-3458025.0956060095, -9518133.93254261, -5535356.562093028
-892206.9769005254, -4210471.139753906, 5763984.272105316
348826.58318801597, -3893702.0185195403, 9170970.594972067
-3859111.160349251, -7382151.244302517, -3442728.9807218583
9919987.562034413, -1756696.182380002, 879138.923031358
1667872.3289412241, 9825038.320208061, -3921415.3113718387
-5069577.721684806, -9709000.145561855, 8127240.259221945
-8969239.959724281, -5600651.444539886, -9977062.605496664
5351272.444054354, -2616077.514707529, -2492442.0949080046
8117832.781487647, 7744903.900012411, 4720389.48067282
-1143629.232781751, -5358583.198376931, 6987467.128141481
4803883.23597445, 223757.6981440466, 2908479.6875584163
-4703515.149075396, 2211841.9785836805, -13975.981865115464
6600494.6817912515, 3961457.7821972594, 3357662.894397948
2060073.9756639116, -339413.97741578333, 2399024.9783084597
9884625.871719785, 1766255.7973922715, -2173254.138653338
801801.7434750013, -4317894.711976282, -5578201.096161434
311850.2723023314, 5004060.275558988, 914279.1059045289
-6611626.434564226, 7579156.438935362, 867361.0324747022
-7624586.801109596, 5287125.178791661, -8357409.230216475
8766631.677480701, 122245.55721705593, -1287818.6634106021
-2622544.748602122, 6289801.043165276, -1925520.5218511494
3615388.6125281192, -2649087.314760601, 6415934.291293126
-9040964.36104733, -4270882.0748314345, -8023167.926474078
9487073.945731077, 7081300.302739862, 6049653.915024808
-8570330.460669776, 745116.0992229562, 4453374.7515370995
-1232847.646335436, 1384767.208406305, -8130440.726401713
-5608344.320643852, 5095737.2605750915, 116350.03948247992
-5964732.073014511, -3562114.7491663294, 3658887.2280517016
170852.1660660468, -103786.59556235187, 232607.97309843823
-5445795.139030643, 1089789.4542801976, -3471992.1700071413
80387.52509355173, -150.3443562760949, -54363.24638251215
1627964.984453911, -2168747.517601017, -4194856.0433281055
1257092.470130315, -7508532.008081208, -7724685.89884342
8379925.146145396, -4009587.823015608, 7997268.608300451
-5314191.277624383, -6452937.052365744, -7316486.048231814
-6286804.941385171, 2224990.3365188986, -8659442.160769304
-1584982.628841892, -5450660.561457894, -990972.6261784621
3008755.81784158, -8162688.646702891, 458585.25181873515
-3494452.2488296693, 942373.3753180802, -1958586.3434341392
-7293787.811010702, -2256774.268100716, -27209.470099547878
-7284513.997010967, 9997002.446857646, 3286497.3833384607
368183.9644862879, -2821328.317265068, -6831187.735365016
-1249166.4669112284, 9143952.338683989, -8444685.628377425
8860339.696489003, 5539617.939332217, -7119476.497128332
-4628050.964725738, -6062493.172097117, 7351379.69110946
-8654567.745120907, 2152119.178591825, 7806031.53884742
-6231270.188782847, -905363.8701385371, 2500656.7763202935
-7475115.499277145, -460207.53299805336, -1019843.269820014
-3157253.2537227515, 5251988.333154075, 435348.8102974687
4326562.096408026, 8766605.559031062, 3149496.055189805
-7727173.506138636, -2423873.2907980178, -2322493.831659278
-3648872.460252573, 1016084.8261940666, 1981769.2025947012
4983753.0238767825, 3716369.111107677, -2102787.0759319915
4551083.502837785, -1556494.6480972134, 8591727.852054063
880275.7765734289, -2508431.4906216413, -4438900.54677865
-90990.013177922, -1900944.20701419, 6193183.183774753
252707.94931572676, -1734070.4831916895, -1543493.2849000674
-1355974.6739636138, 2432030.609263895, -129333.44675141014
-7534841.466231446, -5889352.804824772, 3532187.262689177
-9459866.010111056, 5344440.721308216, 5029325.176489204
-6717023.814882468, 6783556.7630285695, 4067053.715972768
8417907.487741992, 1944436.0243235398, -2917684.567264463
9541319.667367514, 6453478.620330697, 9247630.563760202
8144092.89478023, -7036937.106425783, -4911241.759078436
8868117.054922365, -4634920.613145526, 5944772.167164268
-6639744.898670912, 5343389.162452441, -66657.85858142748
8757835.579902057, 8689736.43503965, -2576860.276814807
-1141956.6700430736, 4364760.2055142205, 1803860.173888933
-4863401.606545137, -4434081.8014541995, -4568443.474970769
-8670921.591782106, 2821690.9749804083, -1143490.5509040803
-2299125.471437853, 9576344.966824494, -8623198.699719043
1554577.8143182788, -9035587.87944924, 1400898.7414774392
-6047133.729524643, -2567039.2931479216, -6330887.769546125
-1719726.9773964034, 7803510.1474096365, 1560175.2748989314
1259155.6469954513, -1823592.927808348, 6832442.7982377
-4035902.4755726634, -2420807.7275099633, -8666621.822473159
-7594677.797495846, -6081343.913836412, 1646976.5237110183
-182512.94982909597, 8988695.866987478, -2138718.15217664
-7370327.845790432, 1024695.8027706742, 992253.2882940657
-4241053.516531854, -9383061.63719358, 4940841.500533164
7014927.57413277, 112658.61202139594, -9567602.147004778
-1230459.175072845, -1840863.3114826921, 576678.1581136193
6331636.645637633, -259074.48307061195, 5090379.541005749
3002606.5312085766, -8988966.162919505, -3399707.68827103
-5991321.940990305, 8583793.447204825, 4746397.968210828
6648710.0535021, 3209287.7170008756, 5676745.937598674
-2519270.6442960873, 9472525.791957244, 463858.3668152746
-4824137.887421986, -1065161.058512712, 2179675.9754299372
1812303.1559991203, 4628180.687092451, -205632.30487045646
-9798524.884876257, -1356712.201782979, 6240518.498487394
-3247861.0336927446, -806593.076421814, 772241.5792461205
9740554.418884985, 7339145.113259908, -7430754.416622218
-3190207.0935178557, 7195678.375408214, 3215240.7247862592
3312899.099560853, -940232.0616910886, -830334.4951586351
5999658.515290899, 6365661.6250097845, 4605883.862592114
-3629398.2682030434, -4705662.252219673, 1748439.2096794192
5741276.887558537, -1119701.6701087765, 5600748.037326025
-5624792.895271493, -7628730.2017459525, 1397832.216999963
-7324515.905442364, -4648824.611507308, -897118.8734647557
7964415.755048752, 7505442.580833685, 3171150.4260924757
6098041.55510007, -1851199.5236021625, -1268701.7947843298
-7419756.888795053, 8639842.143026542, 8234163.9031265415
-458011.4822912179, -288336.4228954762, -585574.7256913297
-1043621.6915807053, -2759100.365003244, 8508319.263644278
4503719.051952224, -244074.429306278, 7329836.60724999
-4434892.453398867, -9698996.4326979, 7327388.367271628
-3100924.8518329887, -6015052.766748153, -1573294.122807894
1645114.8758354895, -4662457.648843843, 2224273.170275897
-5812715.889467657, 5112523.113544833, 1504113.8365499843
7196506.439354274, -4234811.516882817, -4927152.2692339895
9828931.577497259, -597949.7706019785, -7952657.636535201
-718662.646184694, 5731012.066388845, -2952953.4346083123
-1531765.8138024267, -2814249.8614055486, 987448.0173731744
-2951742.093227341, 9432180.610624433, -6784703.335534494
-960744.2225015573, 451518.39481939, -755033.1468481831
-6469784.91042687, -1370088.806165645, 1842809.5941438973
1861816.6137662474, -7086463.636529252, 9517071.976568852
-9656889.757453833, -1477359.848056469, 4045833.4189672023
-241065.43260718882, -24015.4292276334, 169013.12934323028
167415.7731092088, -9353046.989312366, 3976518.4683651645
-3906554.047002211, 8362183.717596751, -3207330.713284773
4088013.1491932496, 6914813.323743105, 5815650.053372243
1017564.4884372745, 4534796.70363014, 9029595.459121656
-5440954.670479532, 3114842.097134888, -2424934.5333135854
-5922789.091062427, -1517854.3010155968, 397786.3505500555
4965603.104977068, 6532355.421678398, -1245143.434008129
-987196.1473664362, 8803673.117550299, 3008152.124052573
5349802.24705432, 9177251.109595139, 2014457.0436940715
-8495273.428649424, 4097576.5218551494, 3666802.3750506025
6037937.274283424, 2241917.5048526153, 1033506.9381127041
9911671.367134627, 5157151.864804281, -3915484.549666972
139342.77987675928, -162602.26402933523, -69908.5994334016
2203268.1736350134, -1569632.6005823296, -7277929.911537539
-9665081.542165076, -1559519.1864866912, 6741561.269648187
-5858466.433535672, -7970591.029719214, -1201641.2573241368
-2383450.512247256, -8173001.233748141, 7518622.967760216
4626888.4961954225, -5700813.474016222, 6896218.978855349
-7058314.324234749, 1073550.0709386114, -651708.4608794879
-8648173.6533168, -5994887.442561608, -4135215.296767773
1324121.1331377234, 7828303.46853324, -3135361.3918625126
8204447.565064073, 200713.3502258081, 7263250.336448289
6290570.615886793, 3638996.3890765794, 5196218.059775945
2266387.54033833, 9400611.384816188, -2541930.8953364436
1003559.0735411625, 2163643.7086592373, 3892760.979866512
-3496707.141103628, -970762.0994566809, -2593299.7462277086
6517309.21101962, -3368159.210978565, 4587518.579206107
-8814107.56242178, 4731272.103175268, -2864168.1439363295
3784231.074087411, 5093073.99852309, -9636352.945639819
5682522.015548099, -1743564.1579489317, 9558698.307463545
5790050.366327109, -4048498.5252854247, -981214.2427128069
-7342070.047757186, 3636524.370431194, -7665532.831564672
5196283.522124235, -849817.1497916076, -9555656.880528485
-2267764.478732868, -3399441.171680482, -5015852.028858947
5105672.861785043, 6711117.9182833135, -1116995.0877143405
7794398.373517249, 1009214.6945117712, 7373378.293698184
-9870785.936773425, 2667911.272372136, -4283723.971419897
173401.2874258589, -1465357.5852970239, -1409010.6744307373
6106348.41471402, 1117214.2110417057, -5537249.867676968
539536.1312860269, -2141548.4594751513, -2955319.557677867
7338483.373010915, 1575399.1505593471, -7557225.439922655
3440759.649554087, 6841254.000399791, -7419048.183510584
2920680.221800536, -2510382.6587075377, -1757739.8691702783
-5660324.664488965, -4460201.538262913, 1314560.4528122637
6423570.638952285, -2216296.2948207343, -4601653.43439753
1062547.5929824281, 1540521.460281806, 2491250.1924796198
8094602.745364148, -821579.2251006924, -5072506.672680752
652133.2490494773, -613086.4029864054, -563314.5259651449
-7912827.92276546, -2759124.442366139, -9095998.23835938
-3167824.0588040603, 7588709.6150906645, -3382159.8284878163
7999572.712669857, 3315546.7763006967, 2677962.272130208
-7935551.556619418, 9501605.241674945, 7527985.745497521
-7946419.174405268, 3939063.303074818, 151671.766907759
-4211159.730275233, -5936807.900544856, -657142.6564765051
-3187934.729744821, -3992965.9929498797, -7448652.6490119
4277926.295529187, -973645.6568109579, 3803296.310598541
-4869266.191246199, 6304274.7197643425, -3429218.491381958
8351632.981196955, 101902.7087281812, -2924800.3566647675
-1245618.230334917, -3691178.6097003473, 7633772.506690744
-7877764.47409852, -807978.1813515611, 5475282.401309481
-579843.792716695, 956760.064497292, -8360943.254553542
416762.19580928795, -7192169.689883335, -8756547.93939853
3604991.255260695, 5169487.919019902, 6700742.728092194
-5598057.180549261, -707216.5871987492, -2101317.9078416554
116811.39668431692, 8750010.771715362, 4047334.3644437883
7915787.983914647, 5743557.374608293, 9777520.798843492
797328.4265767187, 2349566.7957651615, 1804086.7710621785
616473.5953236129, -411072.07110381685, -2200714.019091785
9029961.40727092, -9575032.17347629, 8993729.423912149
4747078.14463494, -322405.91206426173, -6243419.96185449
-6930113.216783622, -2064194.0949874995, 3443011.972978564
-4979388.104505906, -760572.5467970446, -9087892.702670313
9838745.611103937, 2801337.760653084, -1998219.6835741736
-8046273.047763317, -4176367.6882309327, 7678771.198583335
9038073.127394341, 5538774.896719746, -3794268.333915625
-949251.5799994655, -7400162.897104081, 7861350.970586266
6278125.01888031, -4956923.449640945, 4584734.860572765
-4673677.649162402, 7322829.975458223, -4645140.662578126
-9669903.43958493, 438305.83452899754, 6408449.457767438
4333347.560859511, 8669078.996045604, -8124173.627831235
7031681.166835036, -9156133.7486374, 8510382.593355335
6009750.970428929, -5679473.042353867, 2186865.924270002
745277.159928795, 1162109.3389454968, 2712196.8731506355
5877193.271825038, -490027.808069855, -7936624.608471767
