210378.09602621826, -136355.49932531174, 52668.9927867651
-108730.12841828517, -200586.80183444498, -86262.50321855617
-4751.874375141109, 28576.396523009753, 58434.85184625699
1893.4353741904488, 60004.02989106765, -70756.20498687157
-91539.56734518602, -94497.0131162022, -423244.8760115475
73532.62931503635, 72285.41849291837, 29338.035159947
405101.505654603, 762714.9320063712, -86270.77549246408
16400.42516984127, -59950.3299116852, -96649.87046245567
-52023.593852840364, 16125.343449319364, -76636.33490787621
-96538.30194105976, 91440.45560371736, 594641.7700079824
-45295.38445384556, 28569.343140958343, 13362.958862510393
867056.8791079354, 650959.5264867793, 892307.355487345
80598.66405311227, -955922.4446155132, 581979.3810680029
818720.6084862745, 37141.75153637945, 784799.723268945
72442.36330625508, 20959.705727982917, -92497.1439975932
-304218.6329428955, 335769.4496371653, -434270.3855642482
-996994.1821590813, -746107.5679969243, -195712.82732669928
18439.10624142224, -41956.39149414119, 2599.13204626285
39008.87137716659, -332260.6025633083, 128680.49543133052
93498.4864330343, -18726.44614928891, -383134.8140638872
414560.3207905246, 261990.76278228266, 552972.9439446586
131834.3247100201, 163600.77535519772, -146741.325508688
-61258.32848812116, -32982.33269165654, -41511.890279913205
49342.388680421514, -169838.21815331443, 111543.81223643059
-23808.93063184293, 41030.13699289318, 225411.40404920094
318416.63106542616, 237560.6380009018, -237801.2673830398
-28750.65761231666, -173418.43994978804, 479696.00774036953
18903.87581528793, -14062.283958124579, -58407.34441162937
41841.951370673836, 50853.589214873035, 9989.402451461763
49766.39670099481, -119907.4246053131, -111068.92042662506
-558672.4341341727, -843013.8783762804, 206845.58697821922
30304.556492972653, 27893.291797079728, -10911.387898338842
-71873.27777643502, -90724.3979330759, 46258.55966210656
384895.3443207133, 462199.50673530996, 307355.8025771973
-23189.96557495452, 39688.25281043607, 29280.466702679987
7584.983763359021, 6848.96788189176, 215897.89966698387
600004.441794652, 65807.26204396319, -507173.6171147232
-6062.726163798245, -37737.91604583757, 4319.05860321736
-268732.51004974975, -364528.03941261093, 276142.76721057645
801.9607403349364, -17126.570781280403, -922.9020366305485
31735.921533730463, 3015.031192489667, -45652.11554317479
-28502.002784862183, 138660.48241967265, 573168.0143945215
839309.8812303508, -208587.5395077255, 403334.9400784399
481622.7369375953, -344601.21752569673, -913589.7613346924
33819.723614533665, 18369.993186077452, -66410.72755129705
-31833.22815111489, -146566.67053138814, 888.3705632360652
1087.878855943447, -41416.308876087074, -46527.52690052963
6352.950962356292, 9426.290972551564, 1181.346103980206
454369.1596126093, -385378.56095153745, 332366.5338033687
397876.0436931187, -156705.0820659079, -724604.4506289053
-24162.69997532817, 114274.07906375267, 86523.54988075118
68912.21053835028, 244206.01174479956, 30113.836347027915
-721265.5002530715, 933702.9059253077, 745658.196968813
696319.3560261531, -102030.08782655501, 953261.439724643
21575.829887934495, 56600.466541531496, 42532.233341147075
78197.7251102801, -659586.8943024614, 187142.98271020013
-36965.818332776544, -150764.47089945467, -324554.64355095546
498185.6109684184, -214124.2464469599, 299201.94247370306
-54947.80623743159, -240860.564611185, -912459.2319956985
-42134.44889810053, -114532.56611012842, 15931.465690690558
-99354.05207105784, -116458.25473096024, -147148.95192974736
-986812.5279603057, -753390.6088120295, -250678.35632029723
168582.91098185722, 223403.8986354426, -134755.9691361311
-470045.68113978556, -522596.9734170024, -960779.233104094
51615.91485346411, -236749.71770802175, 297953.1032122369
-91217.14899452683, -74371.63730261603, 32037.776403594413
-731562.727604782, -244268.83582023834, 461120.69281305955
-54686.03630604688, -16286.707197034964, 52126.73070038855
-204034.047899051, 49264.92170539894, -36714.36787599046
215186.92791903578, -826340.2155423785, -583515.8899380619
241858.23850326263, 485507.23944434756, -699381.5453777371
-21386.37614165258, 263049.8890741414, -480833.1679747382
125569.60603263811, 59343.79096232029, 101125.95322212763
361850.7416663626, 72903.18426490948, 507181.9425027496
-776634.3284694694, 605680.9232203937, 13929.623850031057
5004.262753324234, 3777.208362908452, -13743.016409295495
-108218.38605143456, -70733.18545338942, -16258.071629287326
-32533.578428749228, 17126.269187432714, 292150.89277478564
4232.652132345713, -119739.67032457073, -7576.000088382047
-115163.31528268626, 700366.8201145362, -779649.4675924045
-51076.91033461888, -181435.11746539746, -68238.86218230228
-91898.2242287005, 76228.70299185836, 145102.00683410326
577454.3509415225, -39415.181328868144, 995613.4904355444
104288.09791887505, -19417.419841842842, 69224.22582260962
21022.860400377074, -13350.013274815865, 31383.22957012779
28988.968533238047, -321247.38930337364, -644285.4240007179
-21880.52920292155, 20509.69987296278, 38629.18646052643
586827.850501861, -575700.9905710926, 978614.9681141728
27852.861450198106, -433687.8133660571, -165290.1690605404
-44908.09203139448, 42918.94772547763, 10096.856270812801
-132355.61591667985, -395272.39309536386, 146729.4377704775
-795001.7769233162, 989977.4789462143, 225592.27368490142
2718.9565859646536, 7971.4246839699335, -690.2860791415442
165626.4810083527, 88020.02651665546, -46931.648212315165
50696.456537013175, 143219.50501863705, -149254.55245764612
2753.3034090904985, -84033.5299270685, -42063.5595136754
-54637.34051909321, -14058.669264885364, -77879.13210108702
-142634.42991328228, 484043.4771559355, -34496.0100551903
-601858.9866391385, 397200.4971564873, -423508.8858792526
-100604.53450004838, -49494.75693074381, 93175.70964148408
589422.5850022589, -265941.057462004, -359434.24721543817
-903386.5682686677, -534481.8046754787, -339206.0613807839
-453996.24533892504, 954169.961765779, 494572.7924117604
882002.8457957045, -840866.7786316428, -600110.2413006416
-310077.8854611865, -661648.3857308461, -577371.7756332976
442155.6091933395, -384371.1319463403, -830424.806738766
-174910.95657504443, 16200.155978949508, 578586.1179615152
79451.02213242021, 41068.67597353342, -347220.4828942474
-311376.9674130769, 213031.24868675205, 327776.6979036997
43193.06202400068, -6378.406893377192, 50325.4771354564
-235956.0229673423, -421898.9726064539, 244131.95490818005
44298.79680645384, -67027.60192544304, 267354.09477505693
760170.3849035299, 831972.4231064352, -851414.4657142146
61879.119361519115, -52617.66207463143, 60090.490222722525
-145398.33731308673, 225326.17479922855, 767658.2935669352
11547.658235357492, 34031.2183296025, 58487.89123034361
-429.38273055432364, -21047.67834552226, -126255.15057607298
-1772.1423522767145, 3793.5122168469243, -98982.23532829259
-790907.8798344209, 80728.83254515822, 183321.33847693377
74406.98938612384, -114790.93862094893, 77055.38961059088
-32101.889514094102, 455300.38014246034, 70564.28945748392
-10945.419919120148, 30676.573011548375, -37060.09562005906
440758.9981832111, -131430.02551292174, 327830.3229707291
-133113.16214796668, -56560.123722121585, 190140.89826811966
47459.836720845895, 19165.773818195215, 63396.8111644648
151735.83366308804, -66722.65521864733, -68508.50882498547
-130501.5256795754, 36760.54451803083, 36493.81297710014
-39647.60840479925, -22994.997262647958, -12919.612742897472
-27757.26145993464, 62328.69463831396, -2014.0377629509894
255726.7102843332, 204184.47115272866, -460675.2326637687
274403.8851163422, 285044.32075438835, 872910.5466145147
-83356.60342037829, 76636.3842289974, -392359.645660962
-816903.5899871895, 541269.9122017273, -171975.82498995878
-49861.46661451389, 58181.11643409007, 253274.66132639837
-281629.771760189, 255148.31616982305, 49282.56980076339
147692.794710794, -202868.09098814754, -395261.13961149624
-775600.0468502422, -435114.0617986267, -663192.5042134458
821608.6417065228, -831699.6941636787, 151569.0758709109
-275701.72604081326, 158042.33898746409, -89235.76335338666
17432.421579998103, -59071.32180616271, -1656.4290772436652
115467.05280847265, 239726.70877783094, 484923.34120177175
24095.334124468733, -19284.310672929278, 48204.24267495691
104943.49691461935, -22797.2602352784, -104677.41899491136
-331474.67275124206, 637897.3195313464, -91547.52314263838
-605346.3082617442, 490997.88178021135, 126127.29745531571
-26945.477571523632, 15655.098536156118, 31485.651239355095
7081.354412838933, -52589.71860352496, 46972.13471310155
-306605.1210060718, -351763.8424179419, -704947.2234969023
27902.108575063525, -25918.19727585488, -60793.992157014436
-33185.13145306555, -11133.28990303923, -91821.02832788357
-161661.22786249872, 27646.714819471235, -28286.714391118265
-27487.045652688597, 99028.40936477226, 671485.1993344445
-27782.130514727905, -63973.284095331794, -38207.37717071257
147643.0983807773, 473382.04913875205, 63321.015267093666
-212460.42609844392, 49162.83988678944, -191761.4560905177
-203725.28774424572, -127873.82740987674, -1534.6225051366491
317448.18246099656, 104203.69136168645, -52996.71372276137
64295.222349261865, 382431.310484838, -41242.549407669576
304102.7276271065, 8640.691640142933, 93830.51371708838
-151321.38776971458, 227514.3154117721, 448750.52791346237
4700.008288709912, 28306.751464929548, 30217.944336606422
179564.35088120075, 252748.36523559643, 397984.46567415935
19921.971376110334, 89992.94926885935, 16679.04364151205
-92293.57398378605, -63397.468177442905, 20209.38920648629
-15652.497825620463, 50365.93901791354, -56943.40022194863
839494.1605550614, -270548.77427061344, -629227.5857658687
-180363.5932943155, 394479.5393372844, -693451.1532395275
-264018.3107684748, 397125.82202953147, 44043.997986315866
33977.07459398778, 4093.0388961663703, 23842.098977114423
307718.8725308522, -25165.994527720264, -138363.76848017063
217737.16326367576, -165727.73993434536, -160826.73569812917
-188231.11997539015, -167481.43145563873, 268055.74349567713
-15981.538542009192, -113872.7263910739, -2874.055922611733
90975.45228865324, -95529.46070578147, 121681.39407575363
-925585.8081646067, -696861.2489153205, -113991.96175397758
-330479.8533489279, -450908.3869040011, 881980.604087007
-171553.16795520717, 59148.18354623043, -127213.81336523825
-22068.3183642301, 32235.166658941307, -6355.736124540563
142896.73391811317, -405426.2261794406, 367734.86442131735
-460757.4892156987, 209337.18393224222, 307626.6015541535
-67193.82760778768, 461452.66716699954, -164889.2134141781
-364533.3847278425, 139491.31698957714, -311441.4630407463
-66405.98442391597, -346844.3010265521, -19024.620949549717
58867.574483172735, 20211.85589562566, 17049.587791061727
264116.2499842264, -117824.39587634872, 27030.12447021273
-76455.28970576648, -12366.473291141097, -73460.06690950843
-179169.11867620016, 109766.553515726, 93112.28795037582
-50699.673964948975, 40113.932540392736, -152196.57192981348
300397.5005367382, -113672.05858689197, -35082.07953104272
-149591.6862264237, -254258.80095737346, 263524.0365256823
167549.39012919972, 237978.01895536087, -69451.80946426047
-941308.4673947932, 432741.5322100376, -408839.04126487055
322048.21783243516, 166685.3272628656, 366521.514801878
58225.09264645586, 58621.52709853137, 78801.47942026216
76046.70667915861, -755187.1948545965, 18052.49234601704
-74068.37264211383, -9583.388387845596, 66751.36821966991
270493.0780379288, -271858.9519659928, 837170.2574681032
2932.892763999058, -212628.2444699359, -140367.67259367264
-5148.79517677729, 4347.685714775114, 9086.366315727937
40575.00969183585, -16606.595122038387, -21862.193538858322
-260029.97455280274, -273803.42674974224, -381594.9134165506
21733.821802333347, -55023.761382309254, -26127.350496990606
-321954.8239062475, 273000.82082356885, -209508.5881545191
-69677.21024316375, -299187.08056897356, -213260.22783433227
13359.724330092664, 29857.36843038397, 3464.228780153673
207438.8896026367, -462695.2864399918, 7432.087963285623
23635.237293841783, 25626.15842631203, 22903.855089025223
-795067.2228824147, 749506.4788750606, -469794.1332396298
51066.92801032984, -14415.452435591724, 27567.20721349644
750130.5613916004, -148490.7651253529, -130320.73618470854
-169370.70266087283, 174215.48069766862, 100671.6617039761
57648.79901407054, 65789.31697945832, -61256.817324548494
63811.21349631855, -186440.95529670187, 130198.14620389673
-371433.6981463515, -704747.868351554, -782766.4386036072
20752.55431379343, -16452.402022655355, 15832.980606245343
-99709.91393270646, -163746.00526824465, -21904.139468188514
242037.95603165962, -402822.8978033492, -890502.345083029
293258.1512236055, 588072.3826431383, -777512.1120858009
-781320.2411417213, 139635.28907906567, -157880.65109007212
9542.902513676672, 17891.31329080672, -9929.948890412808
-557887.2540348223, -786622.5290276125, 57125.6835018713
1887.9374401514651, 21351.414067510632, -14675.804308029707
-71091.71917072323, -50539.793099086965, -5151.104772136197
-158916.28863757278, 126202.10050135944, -643288.1006481554
92781.73638205789, -170107.02155298693, -15547.963613232248
-344041.3462797818, -973646.6528930641, 920123.6141376542
342681.3885024574, 296496.92803824623, -316844.3978183151
-27288.177909304854, 87366.22255819663, -113096.75401871093
232678.88574558706, -161865.21741004148, -11733.981193025713
55800.75217528199, -53178.45898810413, 72849.24007443548
-15200.833104700432, -44494.61882753298, -388013.05102596607
4565.204564668005, -14014.120841554948, -675.7625723130768
231079.02369865146, 313323.5592084171, -264185.2356489516
-1644.6304025470745, -26997.57713621983, 30906.233919051825
-24026.6097030784, 100523.05650713504, -137902.20189961675
-653093.8779161724, -325866.1144427237, 209196.22799524572
200844.00936548132, -45842.907964441576, -365740.1098272328
320501.74700034084, 526413.4341086231, 378232.2318236476
234610.20472870348, -19761.759020287194, 137281.05831174622
-17621.696697637206, -36711.95104379649, 54086.87064644089
7327.3413902168395, -486393.24206200516, -237467.66358706937
62247.98157437984, 103418.57860007044, 50037.31288931612
-43871.27999493922, 46096.966496901354, 170639.49739423487
-6381.493817816605, -10630.83071517211, -2935.8774878829718
27616.179078594316, 64179.78428670904, 35893.85260790796
-101882.48687299865, -16789.365184276132, 10301.603561211377
589962.6837897853, -262107.130317559, -1152.5429543808568
144635.87925722217, 51122.17926395219, 111229.42825951334
98140.66271599126, -181709.83285166905, 29422.800278110546
2568.4524302678183, 76455.60856411327, -28120.00911316322
7544.457267201156, -24530.57916394784, -28553.61318062793
-191587.73563705164, 387722.9376893288, -634663.3866468265
-129122.3708676754, 167397.56012644363, 7712.535691171186
68608.6619625932, -8736.518502741703, 18069.850001920946
-12439.878667568322, -145282.3380964077, 298153.5343378163
-188748.43531048007, 263634.9552089912, -410540.3904028762
-61611.02158121427, 11074.654886399629, 74492.70176293631
216140.5285249371, -968520.5417009688, 859843.3587457999
-60516.45912731369, 358643.32174724946, 451306.67842188384
128706.95137757296, -77373.09364192793, 854488.0250049469
-787108.7572885929, 472334.0945854855, 918422.8048525925
-568756.2169819387, -455000.2972845939, 142360.1282588148
19118.905405796133, 206881.09688223992, -253471.84508240048
-10861.646941465791, 194.5984263989376, 10430.447995465947
381212.24761805404, -829891.7682424458, -751644.7953691989
-80495.93559819029, 31921.307240414782, -6468.071530406014
120621.74393081013, -134548.12044734706, 276819.7172186095
10388.509720182628, 14397.766979659093, -5463.49084212759
39412.3035964733, 81876.20271896245, 22068.676682278397
6676.3118258406175, 50975.74914228916, 17898.331630902016
127181.06252892315, 99761.18650114187, 36163.21833914565
-163558.42923804093, 534732.2772972058, 710427.326426133
-39836.15922135697, -3266.790431581554, -11594.390247689327
-495135.0822094631, 457812.69443816715, 898825.17188948
99728.00488334754, 32334.695484683965, -1652.3383565274999
-118140.0442037785, 138888.6988361131, -32941.73915697576
11795.863010949339, 119897.58555812668, 21660.036338165868
-575701.9958942172, 37165.024106797995, -16153.276171122096
75241.5329932482, 8607.672043498256, -79607.46610783169
-106481.39043672627, -57359.58716085926, 15686.436408020207
-799524.9528577931, 453605.1773530401, -286352.7163338228
-35323.83778074081, -586050.3306326133, 661091.9470281366
8413.393088631681, 37639.873447029735, 5367.918362472206
611112.6513304918, -430708.79709471145, 119377.24117022264
60201.67053615861, -73189.57617790753, -30214.514511252288
137154.60229175934, -304515.4327370785, 354599.62605335494
214871.2700752581, 894429.3848420358, -785910.7185069746
361044.72753361706, 206820.32628066908, 283887.24836235563
128126.7306906106, -205809.1247809577, 380335.41157151037
101594.25922492566, 47198.12435447972, 44205.185517317965
75954.96468735952, 83785.20425190427, -41552.07738346432
39752.22891945916, 33762.42804700299, -60727.68632080464
828560.284130632, -312565.7610794073, 148558.87089078943
-27591.25526988844, -17408.759432835155, -51036.14139868412
-35540.798731160234, 17192.797459073947, 28214.110508671263
-92081.18525495857, -105444.39697100769, 91752.41031586495
-72223.86720842705, -173331.87137236167, 954138.5473508476
-14781.967339123366, -105701.64742859988, -18089.057108639856
7084.077120291186, -908074.575604199, -793791.2471774586
172872.3826706817, 151255.94889949332, -83749.71904865
-122950.66362687398, 50884.69629521086, 82255.8088607227
-119656.72701561102, -904632.5228629048, -260754.0230152401
-750638.3530494489, 701070.49736224, -403255.4790197944
-59900.72576148738, -64648.16911454778, -59815.03372547566
47545.437219864456, -139487.12343970302, -94134.21278064442
-3037.4836884047836, 19505.3817123099, 29321.207485815743
-524902.9356843571, -462277.5021227952, -233996.79282904672
-5293.862624894362, -74848.14393650915, -64209.76986323134
-333058.8706202413, 147102.6768035516, 114668.23604892706
-71670.25631918316, 112050.54325717106, 57564.28113660426
429281.6096064809, 250087.5257954991, 60356.16140399827
-9524.533410741016, -17972.02183204866, -20316.21833441849
-66154.04016222339, -57678.60030358692, 71053.51904855948
-24739.779014237807, 378534.8157469239, 192646.93698643753
-89311.2667544689, -10708.792272827006, -6343.8817952221725
142580.13297015545, 730681.2670032703, 257447.7442976681
17214.672884036787, 111346.68526956532, 34518.71493728808
9669.94959741598, 22624.775582755334, 7181.846720793983
-300905.05997350684, -497023.1307999209, -158144.2003187565
172521.8040018247, -77949.12687921501, -194538.35558347497
112801.32831000094, -114249.67727196566, -153030.03019273526
-31197.197062105406, -42083.221921346034, 29259.779488452827
-32782.17198253656, -5549.362073877128, 16140.101517855073
-170975.2038352301, -564850.2318059129, 2151.207505768747
2267.8454962805845, -25395.058283632156, 60165.94324167236
176540.82060753903, 60650.50012719305, 90223.3720303888
26949.58431727579, -112797.98172212031, 18262.81384612492
25653.980595836067, 31535.880111008417, 3092.870980396983
210022.20655922382, 85135.89797833562, -194820.60629746667
-7296.023591246223, -37277.902128186775, -175113.93702290708
-5824.046554536442, -517632.9748199886, -231546.20899982483
54097.88546727202, -16046.261822901783, -148433.4138560712
50691.455546400975, -81708.74031382788, -62374.10183277773
-312489.8067532702, -441606.2379082412, -425421.89186827105
424945.1139457158, 169619.3059096234, -63.75930010515731
-286806.5276036054, 609260.6123112517, -798459.373831299
339125.72868269635, 326605.3358558896, 173594.7901300746
-132492.217437624, 3252.2532585939625, -5572.481896870071
-116487.93579462206, -147122.28736481373, 147192.54222768568
251292.88591857045, 77067.73848160519, 90094.49641448469
-60081.207812394714, -600950.2774936155, -929031.952424469
174450.56009474, -339114.0896790443, -166527.9794740826
43165.63143585634, -61810.551510131685, 10895.065172519535
877191.9069619153, -553384.9979239771, -648954.9744342077
-25734.92344821582, 90251.40767458384, -128897.27098418155
-150411.52671499632, 278940.38277047174, -111656.29742590943
-62173.81922782934, -21463.609028503182, -91220.97482277348
-64292.61058939085, -1851.7706210805336, -20565.304627349484
-28233.916690973332, 146144.70567263197, -62540.76203647221
-4767.39990542829, -160537.57354834653, -2955.624982779147
-109258.17556344101, 504447.32779297885, -3267.670124519733
146506.47369442624, 611738.2431166843, -589137.195287969
28181.097089600866, 159190.46017735102, 1573.0760877821594
2094.859354346874, -25281.97275942494, -3859.4335203372175
40028.46722500934, -112862.60532412154, 117916.30958414753
-148669.87431634567, 55770.92036130722, 60986.67894143914
-16376.49513558892, 84070.43119240832, 46348.96649898111
-131185.01899463043, -145576.82773958682, -182504.37051367725
-98690.18488171126, -112108.92383106507, -39093.79686561285
-2085.5351649349323, 145224.0683561738, -161416.03717510414
-306827.24336703913, -412143.2994149856, 427023.26153386384
10642.348360770964, -52404.012509123655, 246845.989433188
320038.9261841071, -138354.43678642262, 602801.6340794002
-76590.57040910528, 147834.96085946914, 29377.996404274018
25500.155919025536, -110572.75509009231, 163715.372799244
-54859.6221466735, 82502.49089237116, 282078.14851010847
95578.26147531066, 707.960926583386, -5401.310631948174
-289783.9436995358, -429425.64785822085, -324941.590451268
7197.59189125814, 20685.513379318872, 33593.594608076965
-418750.29147374246, -153959.7897908882, -110716.12314656388
645725.815325534, 450024.9405567441, 385166.7771750146
2296.207826711703, -134.39891267230269, -27146.63031909545
-410211.6519571295, 494808.8338852986, -171298.45278802654
-35685.02803605632, -16520.760001592687, 46150.29440840671
35401.934636021266, -157985.78774448298, -38735.811389722745
86073.51690627751, 52422.6723940142, -165646.7004173121
-171675.17973100056, -7453.660641816095, -135699.77193412883
-82539.55993997189, -299868.8013965074, -211966.25442221225
578244.8524847382, -78400.30574962101, -148665.85050896334
377675.8852809917, -265789.7287190618, 179483.18703597202
-94054.92395192722, 1316.3231390558649, 1751.1449059472652
-16306.200665458222, -37527.92872923426, -128726.07496572973
-7732.73604244017, 5860.2282800219255, -111644.6190461613
23299.204816219746, 28333.239049132215, 16447.261891588336
57815.6127941953, 25133.145413075224, -84729.01557493315
30876.440519546275, 20909.04697809706, 63893.20777562703
-34861.0889627079, -149711.96057304705, 141519.08808715292
2640.8211643780814, 101583.4620285146, -162958.29402730975
15130.802100419998, -19833.497803542414, -19230.63749354775
94214.33497147425, 304578.21741574653, -196787.12619910564
3083.4850153382868, 16441.920791449957, -23050.211524984683
-28873.622048153193, -4276.572106953128, -50765.45196996676
1253.4169988725334, 401375.9541947853, 415613.78062312887
-111167.07502484438, -42659.57255963434, -11717.508902251837
99948.57148279576, 111161.97263106983, 28752.474716145196
493736.1701599723, -720089.1393599747, -63297.51801001502
234976.6598783878, -52833.26409656275, -212671.0312755449
-91481.93062737398, 7534.482278011623, 21133.38092695363
9646.387509794906, 7013.047147012199, 6754.605347802746
-74415.02935506206, -1834.500003390829, -24569.524555658572
133525.76648504403, -155791.63315222494, -52627.58622465341
-112896.82172096381, 49377.93901815219, -17072.897663175594
-37408.574456564034, -199949.16210916918, 160927.8042761616
-3899.5525185385486, -34353.961896664, 20376.169094561017
-75625.48101947142, -122137.4647326112, -11737.658993673744
78931.182025844, -110786.74454839656, -445.95172838366125
-24615.01526892709, -115231.49066585803, -58974.5165200613
319575.2571637961, -32307.5216189801, -24740.467046658392
44915.00403116783, 92.22630152083002, -4372.2382486521965
-4404.250929004978, -6090.701554671163, -21846.713007955812
1754.0663833912695, 12324.989964181324, 36810.532591635245
214169.61781969178, -348982.97714111686, 283469.71508746664
-58243.15079013549, 47429.4805633222, 49821.28294574795
954965.2683135921, 431751.38321675593, -624553.1427834465
-406754.1479074432, -788438.3092681773, 818863.9978759151
-10931.05089088995, -417977.35404232284, 185977.27930815239
-53171.323201807216, 98985.31859297445, 130474.3353411206
-67530.57207232201, -11291.968086335924, -164913.6465987449
13716.746376484632, -50172.58014990087, -42991.81231222325
-465482.64531500696, 934731.2100132399, 161100.8122147466
85542.2115793014, 146260.7793140621, -35456.16162773396
-66821.17917026218, 23719.38904908183, 50921.52032021014
110576.39233965613, -102835.60349610914, 160994.01335430844
40788.43828115403, 18507.340149508207, -34974.20645925996
552835.7635173816, 276136.34992233384, -564734.0923848532
-170010.82955819566, -450431.3941685853, -379087.6465741653
-55360.857508546906, -19270.74009809154, 59960.668184990995
5946.358516508248, -136762.83328581066, -36107.66251231695
-73851.79702074546, -53765.4726937979, 73259.41147530708
-50524.42282792821, 59063.55649496312, 6470.536219345173
201683.26707286155, -140842.00818077533, 255049.58548307954
-14170.986674114829, 156276.5015828174, 233109.09292915114
32616.027807010687, -16759.321930214646, 2433.4467736459337
-529026.1600035101, -233279.54058768658, 767171.2206255593
-30665.916280523175, -3949.711556306691, 10001.878824627609
206601.2299970577, -557408.7312311793, -211295.80693128798
-834858.4515084432, -202218.21932234406, -761075.823159461
-15979.707032395294, -31398.48045172461, 23224.649738208274
493512.92679193965, -99370.81174742407, -95911.91361732385
-20035.869506473537, -53046.680956614786, 11464.942505843472
-271538.3292278353, 298848.7481877953, 516560.8726991166
-22952.745576940943, -41068.25126791431, 4635.979764193529
-82570.90782430349, 68937.8193145059, -110131.22040432342
195991.02320235595, -141040.38097475958, -121894.86897408357
191561.48221570603, -57584.53808272886, 148394.30552004138
-266709.00545466284, 315964.49092928646, -385581.0821365089
-165274.66247705626, -22467.140575573198, -29981.627562895068
93028.73388319323, 126727.71817709785, 654623.47390533
-113937.19786069007, 98482.98715600092, 86379.16103497753
-157220.63631566567, -61280.28840027028, 28553.942899941118
513142.67359078024, -304316.4174200051, -195812.1017596504
188555.74516760628, 165687.71287436108, 299316.69609748526
-119466.34506476508, -85840.9940122749, 34612.31926939299
-809322.2461354419, -779388.5903499072, 616605.2229590293
-481120.613410869, 133371.43058791826, 304815.65047276206
473882.9328572969, 910342.1046340798, 71549.44824354188
35560.760058095795, -82399.73110458057, -8037.7734290319495
606323.0795581795, 463042.05162233976, 21701.10692266887
63985.34594516619, 20959.015271661687, 52014.484700251836
-1303.4909842842026, -426593.1272646175, 21729.178747891914
29631.376212851726, 52627.03497934854, -194137.39930830372
-747926.8250748336, -212706.29798145092, 384845.1382447318
-686259.490881722, -651964.8178945442, 150982.3457949576
-32782.027737629134, -71168.64691479225, 47936.27068384865
-336462.6595526567, 482861.5626790598, 301288.1118783909
-181736.29785568896, -133280.5282956513, -43521.60240204283
27265.589898520848, 216331.70083511854, 619811.2176918825
-4262.949964242172, -45876.960177173605, -23823.866321405396
27737.529959657113, -213970.50839339732, -172284.57284327562
39172.99118156661, -312532.57769696857, 703817.5092210455
-249289.22332811693, -276866.46628101054, 272204.1066211087
-126668.63977288443, 50958.80017267051, -107137.76350457408
-41140.590082042734, -69453.88316204085, 68882.24873258732
260081.29077202082, -90493.50052723382, 465154.0893769143
-549442.1490071204, 86634.5674433976, 20807.815265338402
21182.333359756507, 60987.47419681423, 45051.70845776901
-766828.0819007603, -675222.6395056562, 741682.6904964412
17351.68907903612, 90892.03590806271, -17085.740606098203
107701.64541501948, -11636.98379492818, 107801.42689013015
31089.08023845975, 601708.1605729973, -416641.9026479728
-109043.44705561991, -33127.736784996, 89368.22284950898
175870.4194957728, 640234.3821063656, 723278.8683643169
-885272.7186950766, -221314.67107785912, 369926.5419923398
-88818.65282155375, 9037.172458589426, -23646.79038005299
-56477.7395498734, 44014.368525995524, 24564.589905446046
-123383.11776045803, 158042.71102190157, -21198.977932541166
44758.31206701987, 380432.34790864657, 153120.85289781727
94658.20413959026, 13997.77631806722, -1942.8378127163742
252206.28180989693, 258167.14405757468, -404208.4195142046
294606.2309924597, 90391.04358482966, 110366.76184107759
-133690.9331264879, -109920.54008046433, -187757.22826413997
-64799.84350404714, 10719.003926467034, 51023.23430781602
-57471.90630584909, -306775.97744760173, 53661.120523093734
-414243.5372548145, -617658.8703221155, -437234.8867159474
957865.176807859, 437765.60428445553, 424410.78013948747
383106.41813883884, -566882.8019283812, -350991.48993574583
-76447.78819035448, -467602.07418586104, 220387.98924152763
-139052.23142199614, 85865.5190966737, 272536.5658292596
74101.47883063485, 11977.406230258639, 125190.75994353066
-298164.65329585015, -302709.14197670645, -167475.2070369681
157756.57925973274, 77873.58570320904, -127917.6091737746
211778.06742276088, -118657.59897935519, 6999.161281334935
102420.88298781123, -409601.22300318955, -141342.8498584244
-16169.741634635604, 38561.15235853789, 24649.4077875003
85745.60773954936, -106896.05583302968, 39118.18885865249
-800110.5563492969, 402893.2069473495, 181509.3937294078
255707.3086794892, -459812.5545262834, 426853.5401673764
71287.16521396046, 63941.48973593302, -27761.11240577465
-379478.8924123007, 441737.32519653137, 298468.0957871489
-123319.62396328605, 819748.6323602733, -675103.1464946959
80564.1945048389, -187048.89362484205, 63043.35561878281
-984198.2607959361, 633975.536671862, -177260.4937359395
333911.2814581315, -339793.38824997866, 1978.0825192224002
208152.51118233916, 145398.6228116348, 92557.5759079021
157457.1104284285, -56556.1131330654, -30808.129668775713
-27590.695420129923, -88602.28473646671, 84285.34161224007
448801.19305103784, -621007.7051062046, -213623.3060769306
6845.13370271842, -23102.47184939729, -17913.839700754383
163748.35934129078, -33047.64824097091, 64868.14174386347
-323735.7161707209, -131349.04374588747, 903705.0196870987
-167995.62837491638, -65248.431242401595, 24943.273748883745
-153283.67647759977, -360822.7592648341, -32133.409424469806
-304585.129921398, -539503.6148861502, 411865.1313862987
40694.01532812964, -35577.355364053044, 82197.58243301883
-90175.2170405077, -6295.358258928056, -369766.74737363076
732484.4483382856, -636613.6740596355, -739795.3099713159
-833832.915653859, -100096.78091574158, -799240.1539870151
36896.000369873014, 290864.63454351714, -970441.4204226111
-224891.69347648148, 171096.53629996744, 214809.61567400186
25243.115563359228, 43129.096635711845, 74661.91381810117
-353158.14269555814, 549310.3063900017, 286178.2060350438
-36101.75143334572, 264369.71734697046, -260150.5045728396
150666.2943266565, 355827.0588660161, 779114.1450763152
-4012.4123989237705, -18191.187337847776, -8254.626337217866
-60619.18580483552, 318085.023071941, 310845.66129362397
24463.57830507867, -9677.438709091046, -28982.14560885064
78013.31663847947, 70267.24591730558, 19017.937459213194
-12646.995308221085, -126263.92526104429, 110769.61632753629
-922699.4887620652, -440616.18480573443, -875629.1264802745
-110009.42691124952, 8257.084323647316, -42257.43826090335
-152915.43421676068, 98869.21426370041, 48567.80041499878
-7794.451883954578, -29731.048757166252, -35947.786044114386
79795.16098322999, -33187.28607260529, -325217.0646564851
-88578.4719824047, -31196.52598434966, -42307.41428354732
-5752.698907417711, 21380.61236941046, 63393.39115926321
-28179.429991427576, -322495.40590078186, 610534.1009246134
-184251.5459241087, 702666.6888016737, 481726.03363672807
-549806.4089022458, -319587.21145688114, -569894.7345303822
-101669.60921006324, -83008.16965993901, 167407.04333310341
2648.3638957388466, 1833.3689939227188, 4855.452847205801
68071.8400418458, -79127.23130031768, 85087.26803732547
15888.289255294716, -27341.588808011962, -16727.70196468185
29839.754136933247, -10949.916643111268, 34420.24018357333
-828386.4901271249, -135441.58231254562, 363442.041927706
4149.010261241347, -111072.93836845609, -497866.88063501107
-43945.09829787596, -75478.91973806545, -21370.879199495772
189561.76039156388, -214693.62945461716, -278619.9675283383
-47234.407321600476, -31243.829574060044, 23649.69946820475
-1411.4727792375488, -502268.29826941155, 53295.46516371309
-858205.3129430427, 421058.56826662086, 752367.0857235845
37774.72085662279, -231769.10359155282, 197453.15696273255
456509.4192137474, -555940.0396363048, -848699.0154232411
214938.90674140444, -894610.2363263031, -777016.7714645162
-411278.3387856687, -137319.9111696903, 142623.70883972524
-176463.857048637, 119182.28361653141, 843658.9139981135
203988.7757648027, -86129.00546272506, 30398.114552635117
-1149.7869258914143, -30689.516070153448, -100163.12236524129
-543721.2917610442, -274023.5688783062, 5756.596915668342
303675.7240062244, 812127.5838690137, -287613.21192943037
61647.616723192856, -26353.43354819005, -32103.532755672466
21495.817511989037, 27769.16835328506, -3379.8890131852822
-421895.63454379875, 166977.45848365524, 67034.90949525172
605341.0989133392, 106174.07958928356, -606084.1303643419
147630.1936352495, -148162.48855526175, 314249.5741191653
-129740.30582083506, 115004.76363782026, 13026.483640104416
-365048.4712513025, 187293.7434722646, 4334.949198295828
152354.09308800707, -248530.82715255034, 299653.93844627123
-337425.08942754904, 44617.54002313502, 322651.3717370287
-450257.9068751191, -247288.16138520313, -186454.49077558785
-27113.005233719363, 54216.61185732018, -120240.17574411223
-184715.15975107346, 43225.317566563725, -8420.62136326579
453632.895898669, -34182.81869373913, 144256.42009969172
-16007.78253378102, -504013.7164723941, 303204.81015232066
-188983.2974375398, -37142.03066243883, 155476.2063781328
-218061.4182744769, 415347.77743465523, 556863.0086003873
-359857.5361355179, 366564.24066036916, -944870.8654293914
196827.8574126158, 109920.30792170553, -204267.9073813723
-32982.77722627495, 13581.053497483837, -30973.14001710608
41526.36819571338, 86386.65885450225, -96763.54834404856
103363.96237678081, 63434.99300524057, 86562.34562474093
-406641.3069898356, 65377.93142454559, -729713.1204907894
-64143.99735105934, 47629.889062586124, -5072.195098580793
-5393.019763170392, -42136.11083072249, 9230.293872879934
23132.70284395432, 55823.535941418726, 131828.41359649668
64332.26557031879, 57317.88356631459, 33367.94884230418
179985.75049624406, -17251.92820484203, -147276.97859805962
-25450.377256253152, 852545.4434892815, -207876.77061936585
377801.2456372322, -439563.36884601496, 370031.1530973364
129324.63188054133, 881656.3620652421, 767689.5977211522
-775596.9906677708, -260997.3720506553, -859965.0821167747
254907.7638002038, -49740.970219680225, 416448.40371730784
-42844.040848644334, 67338.39352170005, -112565.60525209736
-80895.78854654625, -196375.56238079327, 47958.02353151981
157543.4718120345, -191771.6102595057, -47990.39961177367
584686.7727814547, 690276.2019111454, -623724.4995955826
-8404.164463576162, 11083.18906098418, 25167.878759235144
135478.8341529027, -339213.04767670995, 140759.49603289762
40716.90058853838, 715932.0356731119, -598044.6660682668
-52311.787013756344, -12947.393838757183, 12029.710629499052
43633.99750746647, -518411.0214173112, 187822.42610391718
28157.86043144611, 38622.99960361805, 31986.91372068005
-6853.796052653808, 42575.197008814896, -4709.36573120032
-346310.4509527144, 512435.87114120834, -820852.4204564639
-5104.123898269376, -57368.96650901798, 7185.711982933455
-41403.60068229225, -62749.03546937113, -46734.71744379378
-692600.0555669139, -13480.781239737757, -38155.24123729102
1472.7809754422633, -5985.307968283887, -16668.896087647532
5304.511656557792, -3547.989041104098, 92227.08925440349
-72654.19263050996, -374878.9986574019, 367012.5694689383
-338958.9167659078, 196612.09273868217, 218722.65967098437
722.7451395441312, 26976.6130074634, -112921.31692426046
115133.0585351889, -613466.7473438657, -930590.1130609948
-148069.18293025251, 15533.776739863562, -60401.8118798153
-165111.477538664, 713979.4721631673, 703111.0133169433
7394.2013847013, 8378.381780525437, 75590.57603130816
-105435.36067382141, -123949.23850752495, -40253.21824121056
-281454.6209913655, 64899.8275969543, -62889.08074676187
32913.4109821592, 7739.233559370623, -108868.34484024055
-167165.34644887247, -93679.65606742958, -143883.2516559076
-104192.74522403127, 176444.35979388747, 338224.139180091
-326332.9680279681, -39986.7031190329, 124053.3346163393
174744.55421268498, -160891.21153179265, -415859.3873051866
36708.876616600435, -30724.705480886973, -76435.9081155837
-272556.86676057, -352108.3233816804, 13169.360158487223
970046.2189469684, 311000.60515430104, 637095.2925177854
-6696.286780731403, -13117.950868920074, -27101.60554467351
-168918.50069352228, 13314.581093504676, -125292.39640430419
-27659.3523308211, 37902.62842141499, -42944.661121895304
-511886.0309114106, 486785.43822584115, 175733.178343073
134219.19290072448, 100822.09538564365, 213515.72752703633
941971.002178839, -993639.2762229705, 244440.4174067506
231427.3548581414, -295036.0313875164, -436738.82512851886
14756.801470959093, -38333.2884460144, 21424.89298941719
-97073.13489471225, 607259.5341090832, -521198.84822323127
626807.6419775866, 42186.44234931166, 323611.5962440404
-659921.4929201535, -559487.7538158894, 297985.69966711034
14150.430125841754, 29709.721015527262, -457736.07107484876
114278.34192324057, -608672.5650688908, -35352.58177147433
83420.16560238041, -250046.71671241964, -73478.11742760206
467942.1864436262, -248743.16536355414, -128205.0020469412
-114522.4451073237, -942774.7510305562, 755186.3970147278
-67509.1190371468, -633506.3111386956, 69647.71881856979
-346885.53056369466, 114396.0140011434, -322585.48559030273
2044.93899386283, 11122.833759328118, -55003.136795476195
4378.975723397569, 25809.557783395052, -8341.54663307406
-383173.4863626888, -723184.671582947, 167947.31561860745
-173991.9819702605, 329477.79856974655, 633655.2195884606
-379851.0981555175, -186863.89651027042, -547931.5195603739
-193652.89534107677, -124488.35118614056, 131404.08552335156
-686478.3252555096, 574445.9503788722, 65214.16013656207
165793.21513993293, 199087.38961379672, 162728.39508246095
119975.43286109297, 12507.842857194948, 31719.12323702313
-11324.538274641382, 78846.98841206939, 10155.667180370423
-47066.47769898758, -50695.175255660084, -4535.397973207058
-814170.1850988518, -263357.8308049573, 274726.0746755281
148518.61062613036, -25964.57089664077, -643010.7173457704
1021.3232046130579, 27959.46739302657, -13985.525756193209
-31383.830910177436, -42385.1108988449, 45865.33424729144
-268769.0768095574, 523867.9193682268, 928129.0454066442
466213.7173554108, -596176.0755907616, -374428.5146266131
102977.52364685782, -34333.93140537548, -8914.948041131487
-526656.4302759569, -358125.8698396002, -217084.20718943875
-516958.5166561874, 40946.87798983813, -355479.20061175025
763078.2322566654, -32523.167104735854, -197083.93240501394
185640.91344014858, 94474.58686626074, 445353.71115012723
293446.8730388421, 155673.62723366288, 44719.458100275835
-20153.82179420523, -19749.304793724907, -27308.27348193992
-27665.198770800722, 12564.824972125352, 13466.389350718935
29930.967340687523, 52781.712826479925, 48546.642349756905
-22709.520857068943, 68901.56084113708, -39115.629379804945
280925.6733219153, 145607.39215332433, -68857.12820045243
3265.1679020980373, -54780.10549797281, -3209.119028719375
-30967.25920576416, -6492.586301213247, -6494.342735930695
10282.134649671498, 16707.657245615963, 10116.59523996641
-402517.851738969, -70500.33341415785, -25337.398049562355
-941379.3897550444, -598670.1370037424, -588118.2708356907
21128.1454238781, -111437.61847042688, -386479.98942982836
-741607.345179739, -612326.1872280359, 769178.570039947
-145862.09162348427, -169384.3184862691, 60891.51195500372
-154824.53995608503, 48243.20512055105, 29187.752894441714
305938.6953066548, -805308.9149438677, 151393.6162828242
-737916.2315851466, 750603.5476809961, -526197.3343559667
5297.111187008559, -26597.69780156121, -85943.3888384233
67021.45274746697, -24800.64986124984, -142686.59906239354
-594776.0774757192, 611658.2624924812, 642731.791767519
555798.5091533668, -532847.9240394491, 352779.04447329347
41821.16248117946, -62219.19686416676, 33954.39106832445
-297382.4836746162, -32897.63161964435, -349344.2985544064
-23697.3758527115, -178086.03082754475, -243510.34970597003
-538917.6608550297, 257716.16523628286, 519586.53359576967
938850.1399731629, -310612.47259845363, 38750.23098716594
138887.2630938543, -186118.83091122855, 239666.7116109156
4440.708055638359, 18530.63331972703, -4974.14241002535
110698.12010519789, -262358.5652836391, 70563.99574354873
155599.74316451373, 58847.756723462604, -26869.694955524057
-30511.818835710525, 68826.66072591674, -595614.934263911
-191952.6464127428, 98201.92141272081, 92301.7182079493
298435.5315999228, -171457.151817217, 215803.20054411772
123224.05685387738, 114891.83942154073, 612853.288782852
-152125.27938557253, 252594.10425394122, 483423.7372187064
-13270.492819939158, 35040.26102212805, 8732.908649307326
154362.7816465597, 15717.730800458812, 74070.01194665092
-17420.99309060222, -13962.956201492692, 3579.5184440574376
-65257.189452945255, -21000.02827447641, 52545.78855137178
542136.333404222, 527673.9313650741, -669428.327971034
-28756.57345228945, 148848.29643046088, 146989.06216226565
-100443.46832952031, -31005.2993561622, 69745.5485973123
-812076.4739242645, -153535.86865710863, -361256.4284930242
-782098.8775531449, 431678.17005991424, 90674.17089871061
83096.33539407863, 399405.0569235948, -451085.15283417504
-410507.9166595503, 128105.40528532001, -193064.01864948764
-15335.157221094472, -396281.9766372662, 31305.32228219777
362355.3880947409, 55364.49648623471, -163297.9280926066
22247.451000213507, -277664.1796799721, 123873.13123435667
-85205.57772372419, -113467.36830516078, 52191.769549689954
-388119.46609505336, 30899.53837468638, 80735.15179279586
-96397.03806350089, 53805.46196116926, -55650.19521861989
-125982.4663504212, -45155.27430698008, 2308.06472148397
107110.6590199254, 666176.1403168442, -128012.05903081805
21855.588824501727, 138745.31705084373, -5045.249710485805
54864.911543666385, -11072.97801267635, -7393.838881485397
-53510.227069046814, 109709.36909167096, 143390.54771914496
519271.28648701636, 5029.824067031499, -770008.8282819481
-357953.9064234431, -166235.15991947183, -44728.46245737141
-38309.713254259084, 271033.1324568845, -624444.3325769515
82298.51580228633, 181023.69864509697, 31212.236211755895
-245286.67227755615, -103844.86169207504, -140207.51632388588
166989.60251305485, -148210.52572106372, 59618.11742262542
19712.188223094796, -277010.31640021515, 84997.66271036095
36542.64565603156, 28901.97996150446, 26848.26320930128
511397.9120282717, 440449.44137675455, -779750.5696147897
3277.5856683095917, -64413.19675755582, 21945.579237419064
125746.61985121178, 24042.080439548707, -35289.90148438548
-53262.32202833728, 60970.24388035806, 84895.30618657148
-233063.83856170496, -338564.661964345, -193858.58005501458
-36626.02808907197, -7482.298813581234, -221327.73633609898
78422.31032380741, 114881.91848503053, 163739.0789812107
36072.655043629, 90938.00269022095, 49671.35431943624
-496348.6460371691, 653966.6975295453, 468639.73940221476
-90843.98038639408, 484.53684494202025, -8854.921205630177
78436.5476851433, 1984.163911033189, 4714.570048182271
6569.258170606103, -34709.56967996748, 11379.323742538807
76083.21017352236, 264568.44360328396, -275942.2099523863
351236.442720206, -174982.4654414556, 604961.9026356454
729834.1856212146, -407403.5066842787, -63088.368109580595
986316.1393426785, 250535.99266164936, -706837.1577469879
67493.29910498112, 13580.472613349324, 29184.144148963504
437947.7286316047, 190932.5256690879, 986018.2660505129
-29392.71240418905, -71336.70763136551, 89768.77062594192
126333.17980736424, -153764.78870350344, 27525.541927535087
-718620.1743190472, 923235.6211696675, -964522.6923762169
40422.48868417414, -84157.53597746463, 13993.347117688973
-95477.64242276968, -135323.03690646111, -185759.12607371656
55125.59491807176, 1537.8650338122388, -52065.70224979345
-774603.9798322724, -460803.46815969306, 968076.6424703838
-67475.63383380091, -11965.416674880777, 15290.926284608548
-571247.8525253015, 32085.594826016808, 588197.82726665
110644.05647354596, 66380.12014927831, 274765.4591517884
239069.4058030583, 314864.95569599676, 279697.46287033474
-96825.67987543228, 71872.0777104816, 162484.0062118934
192220.47290431382, -66168.41850135266, 123105.31529674958
-77816.133571635, 17860.20576565806, 15293.419959902414
-65406.195713309455, -83442.05895469978, 65875.00956266001
20311.328170871595, -93951.82686334476, -31692.12783261703
120078.30043021915, 61224.293530430645, -62703.829324285034
-126443.1090769174, -145402.70842926903, -22084.390642678365
88274.10723532736, -35239.645043614786, 111457.92872532783
929761.957258818, 283087.3320090105, -610012.0540847975
-2904.1192249595188, -37109.34390244412, -7838.224387543043
-22312.09343543637, -278415.0931479898, -93894.9041807329
6840.174553619465, -1598.3521009739488, 5881.309177148971
159656.73438257328, 56161.10647372971, 32158.92896994867
-560498.1396317354, -440240.5727296523, 426461.22584819095
295037.7084599873, 84950.19649251387, 307865.6311303808
-13705.654246908962, 51864.646381742554, -93665.75270398858
241147.77587501635, -29167.539449873613, -51176.099884978845
218383.67276471155, 31030.61820836109, -201047.37577336153
55680.41770575405, 43803.64291486447, -16284.286203766475
-23008.093924139277, -48174.7500973884, -8453.275625863695
-36244.54252332018, 16769.01530716091, -80609.03864304977
-76901.83401148976, -238334.43695152365, 296190.9891045906
-117345.98581523285, 348433.48979940754, -308257.3520896002
-90546.5569033788, 697633.7270306728, 708996.8492415021
298086.00402716384, 31603.593702485203, -145437.61427221226
-77960.47113744682, -61616.01989001024, 203724.92786147143
3703.2670182408765, 35187.90505489777, 20903.644335456658
305447.34841070254, -305316.8044341445, 344520.43677082215
-17692.607220340287, 256086.63391003478, -338325.7612818065
-193628.6849053452, -769882.7831631592, 473436.5104408988
340474.0723898746, 331996.1525576259, 293191.4407987911
97281.40020838403, -162528.8086974253, 44035.11791707773
-146473.0659876439, -294687.7942595851, 176309.72217347682
11526.424814478843, -7877.012007987592, 24566.440791851142
809853.5655758565, 148069.92781156045, -35962.32892863767
99596.72175561241, -598240.9200133958, -386733.74352111353
2393.4423344858224, -10670.560026176041, 22398.234925002907
50343.31641536718, -66676.12689968944, 71001.92773805046
-975156.0788794329, -502498.5522570442, 702521.3888319307
-11028.590058439062, -60261.50752196682, 41236.73372074799
306557.0647237431, 449561.61263669794, 243977.76269489317
-40214.89189218939, -7266.154149615322, -1170.2928953141673
764951.4305608636, -808935.8937126434, 541083.860375992
-19314.912567736115, 37394.29906627163, 42137.42462570581
-427754.39846044034, -39780.79846341803, 405120.5231074933
284331.35153621226, -296419.37070060114, -38137.55400030012
-57362.503605169244, 23010.117909464636, -8986.105821499717
551304.6808819103, -989265.9124946308, -415891.799827883
-121579.014957977, 690512.2294669568, -138778.12747302372
-39652.55025882833, -56873.153653654386, 115640.43115175166
-890090.6916162618, -161553.21104703075, 515761.9216130958
-270752.27904763224, 312450.26506636525, -312510.70079461636
-89499.9378279791, 217758.5227143555, 652864.9704426432
4600.576189389452, -5354.985009881086, -54750.72128973447
-103919.54848593567, 359773.10929862433, 88499.1890607616
200627.24214386847, 188884.90250975965, -20830.87955359451
36948.00216480368, 31250.641742280917, -72930.70551812963
42137.36985730624, 368894.0720236115, -305386.3368048335
1487.1884019842837, 42751.87947651942, 8840.33228241175
554216.0582079443, -170843.5612467383, 668425.7708971377
-78264.61081687873, 528333.1193909738, 222978.47223380464
14972.922033075243, -12739.614960834035, -85475.40062274807
-990958.8876871907, 625150.8864671714, 83893.15616307477
132614.4487704183, -61472.244295367855, -17559.209988150513
35198.065393860335, 19492.424511498073, 68651.34723719861
5584.722364685847, 73553.98513120366, -34036.59759619646
-175636.5396081761, -44419.45625478111, 54816.72830856126
569983.8340689805, 382575.68895295705, -239777.33583104843
80277.16205349844, 19322.39212366054, 177218.82685769955
103337.00389063288, 67112.78800588055, -943362.6834025221
80811.5395744422, 69736.0497418486, 116583.87007810385
-374521.26349379355, -488306.28931898624, 214120.80630214186
281486.3041703575, -499027.87677080627, -578528.2557751874
964486.7471580468, 104173.89953481336, 513836.5497501553
-390919.93573126895, -30976.17327293905, 245792.26925971266
14552.350853441749, 112332.47635130235, -100974.81218821346
239568.65709936526, -226353.58610935195, -60796.05869215459
436933.3931002985, -107064.01958718942, 296037.80603496754
-538719.5371159196, -209403.3530091599, 186800.91702478798
249289.39391258825, -225587.7887388094, -884306.2367308121
-42766.13228402089, -13086.55984414788, -11548.05666684336
-189166.16411753104, 45344.451582219684, 18992.28344425687
-34139.92447470932, -59685.41268824646, -22587.596145245712
-309697.59861835383, 48824.089205835946, 560326.1332194533
-51214.89913881663, 97221.84954149416, -12090.452795158373
-46625.68005836045, 47214.14010675566, 33860.7552912595
80545.93867631163, -12378.537117414293, 26669.22315626312
-600963.1512714468, -211797.71301672584, 723670.5179793651
7444.015801492613, -98881.04818948754, 238483.56109723984
-120965.91105863056, -179828.8767996825, -111449.4779910593
-9288.76063547167, -1096.8678021845408, -5652.912355877226
288526.8960907017, -3571.1377958127996, 296283.4827024082
38951.403812164324, -94089.6049537994, -114717.52505573991
4013.9515804013936, 10646.990258752485, -22533.220957050566
559709.2891878926, 398985.05836317013, -361545.0629275767
-265724.99607457884, -279498.0755041521, -719167.7791146003
-19239.15474587283, 82696.41888080048, 3427.87086596922
335325.5672065625, 914137.740174734, -49239.80544460588
169663.9597008035, 49946.59250008548, 378864.51357548125
-242501.0012775621, 11403.800760760903, -100047.0549835359
-749306.4602975021, -583173.7201924949, -995913.846666163
24884.10402368754, 271482.8371903568, 116406.25088753714
-357000.32989395433, -987108.635422806, 788932.313422112
73608.02938861656, -78440.54596652312, 14982.835246241768
1831.1680386486696, 46199.54688228085, -28520.367222430068
222268.87275822693, 55951.550059651025, 267114.75325179845
-191928.37163996464, 7459.918573945062, 44021.95152141526
-95845.47453410749, 838394.2432609834, 71619.92992969858
149177.70789007307, 600361.5160254254, -846651.3057622553
82626.37584463996, 28038.325201846077, 49418.60801803903
37975.6812910022, 21937.275630680844, 97180.44318598858
-161985.79397686094, -169246.7987694788, -769264.9422168788
408707.32785640215, 394956.6324752092, -134559.95394734526
101922.8825990567, -18870.759306836873, 115456.05687370338
-97180.07552243036, 324434.3912397942, -136966.63939157
-105822.72450364719, 51475.78068819456, 10737.818532240926
-64132.28876121878, -49137.07953193411, -3008.643864361453
150770.62652855995, 167349.59476922988, -120258.67111843056
-19294.58539188665, 33876.59946417168, 3841.5505145411007
-45746.89045292861, 161518.74308144534, -134262.17775102006
-540758.8597910377, 674152.2203707723, -79546.99137393967
20077.849454349373, 878829.6197841358, 343004.2571639328
-27348.83964979078, -34647.93247446511, 83487.18111627945
597907.0985011875, 106618.70629864791, -369322.61656002654
56078.714102250524, 80538.48080973397, -64166.77042427054
434267.4355764054, 214205.28294976405, 290948.4271030836
-22037.192121191532, 47528.51123501104, 54495.771470288746
185071.88799498347, -471070.2934748597, -977039.2785410557
234192.32256234158, 428482.4640465423, -776117.0186814674
506955.9640745518, 415739.73076367774, 591628.848789924
45374.756327439565, -5119.57152482844, -30278.542120902915
-103530.53291893355, -451008.8942195063, 159444.69887211476
-12478.91384217306, 16300.938523615943, -38833.806648263824
38163.62495565938, -1001.5166613564361, 41163.856269979035
33606.25897450186, 38379.061841406394, -20107.5377331645
45098.31971152383, -163702.2372904797, -136460.66958607244
713049.4255463495, 428120.1089393601, 611881.2558104342
119935.66142058885, 20555.784808867495, 48672.12493941351
-71200.94059684675, -60720.03441487462, 238869.44104307657
758889.915163775, 277524.05026562745, -516246.14068753936
-87754.26156351739, -162071.93238954502, -77556.07986867451
486201.3150911741, -68596.80995335581, -217726.6939846141
-343027.3351702788, -723213.9227303723, -924018.138104145
-148904.5718744801, -277421.99730861455, 178901.1752910316
-379129.7062991699, -408630.52314755844, 787997.7602801826
-54474.30003509228, 82921.8686139572, -8074.42256593483
-72720.31323525694, -65323.90100578929, -94012.3528175347
-131330.42086399556, 68440.20100534987, 39164.43828144646
294453.30861611525, 415072.4442246922, -392275.5755129863
-568885.9137780045, 138489.25336329476, 192857.53248421126
275608.74655150925, -245255.7672583406, -906456.537222512
-15211.287535522599, -13208.18817536626, -15466.872422602144
280873.2412090583, -752668.1878037283, 235656.06104191742
-266660.3557843601, -370070.52628203656, -214302.29733828886
15378.171838120557, -114611.24378225754, 87254.4397801836
261884.45433220826, 61693.0627615361, 48467.8190759049
120640.52861109609, -217189.1365089767, 271138.71909283823
31724.72171263001, -29287.77792865492, -6670.280662133242
312985.64243259723, 43530.86121990683, -258255.68088926596
522461.0375773418, 181562.52439462813, 411431.2164021011
-79310.01984654414, -111247.82716580131, 121021.56949436013
-112587.82911760476, -37401.186392994365, 2598.540596510982
335325.36777773546, 296808.0669586584, -493200.1699695729
-74504.28815449192, -110213.56949086254, 95509.35842875927
-777444.9221569118, 34880.95192498795, 864950.3408893556
56068.243049375946, -130798.4687672701, 79986.62625670992
-82037.40205158212, 39628.10717189999, 99157.77791016037
1423.707928789081, 10766.120767151937, 26834.768641973613
-26910.232977030333, -13687.938774352311, -39843.06207929179
154904.78816147754, -36253.35662147484, 99206.31586456834
568098.561987645, 86538.1167060039, 467842.5257671431
270981.90186740924, -594668.882189719, 254810.9751630912
492707.09328534245, -882207.8597493501, -96576.40802802332
-174252.851420774, -46091.301283640554, -95067.08166472416
-920007.4006766112, -269307.0635754955, 965117.771541297
-503742.3315562486, -768301.3129448444, -303151.0445802279
-17768.416159371613, 8332.412203773507, -7013.640287440387
84328.06203940813, 80886.82847955613, 207298.80580364098
-315717.0891762562, 109811.97047223407, 355922.2828330009
16761.231986544677, 66762.13843205641, 72179.50577206677
9161.818356784293, -37795.26496495423, 114781.8981465369
-163724.1566120789, 852.9045149205485, 31440.5233704258
130163.37684723712, 206562.31392263365, 37462.3268584304
64234.852375229355, -61188.95014073362, -9464.561159264995
-819283.7154406558, -606697.4057837201, 326095.83303615404
-12815.50014584139, 13330.620786548243, -76449.4798627306
-536374.5663086885, -675938.3544083098, 634388.6373794039
-332826.3664549369, 424179.48704261705, -20751.318254839163
183674.11684504827, 620694.7156008221, -170561.84876241256
-960970.8125279852, -626694.1392719289, 328902.424830294
-13699.633343761787, -247437.8043649157, 138730.34622233966
502737.9832887107, -24973.58688013081, -81151.35286497942
-196723.39013594703, 215486.74339186493, -25490.634392457665
-47922.62001831143, 551355.1194623339, 502607.91294264956
-11496.78072824108, -4706.674277564511, -56130.83673873183
59654.738940494135, 3325.435645339545, 11299.743633943028
-774638.9985877582, 250407.4825730198, 855791.7171918587
-163314.89253770502, 55344.03899382055, 200536.4655883587
323130.686906385, -692310.8135387122, 678032.849557582
383511.05975177, 569212.7839759707, -507320.49468286755
113686.79171577073, -149249.33196387126, 172672.8913097903
133364.5305913859, 865903.5611023267, -208824.69444811763
-264370.351377627, 470448.9781013364, 305069.54035465326
652334.6899507153, 612594.4295060267, 146845.36961691012
-603414.4945788453, 607417.9570106568, -400256.5821032198
159672.1966064379, -91304.4974824437, 300941.4267509235
255264.4821739751, -825405.5210035513, 647136.093140777
258629.7955945928, -38709.95621828048, -345054.7913618203
-8071.83414217399, 91187.9612223315, -203787.04153267771
522955.85181521275, -583133.4230565082, 245992.8447442036
80127.99613168114, 82757.77442240808, 222989.86534842825
-99859.85363721708, -114607.83279958914, 779492.6808993402
-406776.3844373791, 372185.4791597505, 135954.0172360239
24828.91414999694, -92792.02311881131, 16196.23375438177
351731.32080102316, -133545.55915541993, -6623.9326668469
-6592.48778455134, 394412.49203212676, -185822.39841321635
312420.94646125194, 96074.4678884705, 10443.608263709582
199746.03281368618, -600834.7704906068, 154048.423612562
375142.86657438823, 947841.7069622946, 154561.98403713317
825656.0051480096, -107894.78858871933, 36699.260280724615
6589.348093164037, -79962.53548392246, -27799.587595551508
79898.40384447714, -44853.34325811837, 50370.22652863688
-551109.2027070655, 144363.7164825732, 133394.4485627578
2726.3740904512815, 62496.2865257815, -7218.658093366423
290764.84296752675, -559266.8937688778, -141798.23533172905
277677.8522403734, -16376.65885566664, -242753.6643069943
8151.887957095867, 9028.35691034887, 24185.018383848364
93984.45111367432, 491427.6774094736, 59260.1805550328
-963576.545840869, 468342.12859924836, -536724.7284982973
-510322.19390814035, -472349.0451150016, 984243.8709494786
-143621.33652709262, -29994.79681155109, 189699.94100886327
