17756400.90782757, 88426677.64072213, -8501933.268873319
55935812.4013643, 60679994.2344991, -19880644.531453416
-45626585.51406855, -69457025.57264672, -34392606.09897363
88096535.5235241, -61706858.388309605, -64519731.22477561
-74844270.68860926, -73733591.87754747, 37376297.983872056
-37697288.88839985, 40609633.08238569, 68905178.60235748
53977.53490693867, 64542524.65086192, -91285877.28532979
-34994383.452222034, 71642980.8894121, 23857272.34238881
-23937535.18429181, -18839430.230570912, 8635396.406470463
-61010746.93132875, -76337398.39283732, 33162491.638493568
95638860.33088514, -14056402.190269172, -33599927.466942355
40618140.7389428, -2125682.940412, -89033289.87647599
-462120.9538154304, -47768948.9283327, 78139430.93456858
68389618.08439222, 76853364.68847075, 41959854.658842385
4161543.2323636413, -81952606.03860344, -84005417.41789669
-92902690.69199392, 91855987.13550037, 30113576.175443277
87457146.15475807, 61612273.68838382, 80368831.27672917
-904851.1108923554, 598611.654173404, -1111045.579899922
-21548849.275498956, 1069983.2927906811, 6887306.279047385
34145247.10883808, 26909962.404433176, 78315177.57579565
27225873.055630952, -92459978.61521792, 85068321.57809529
-13481018.225790113, -36543123.40956174, 73938611.28914893
37559314.67367405, -11019217.316800132, 93182811.87344038
869917.5275589675, -3600198.334288016, -933384.7108819336
83352948.04142597, -42362781.97741426, 61067485.5995633
39364702.4216086, -33866153.977662906, -35599559.42492634
-2816300.8908026665, 11931453.073878244, 25179893.869279653
-84696416.29031202, 13819630.05363524, 64883389.89297548
25142339.780415908, 42009798.17776203, 47472889.09835613
27969013.056397825, -45305879.12259793, -20606547.155061632
-18258921.987518445, -36199101.17798974, -68133988.33491857
96341027.19884124, -97649060.97596504, 31419762.19322568
15096433.024080142, -24897947.52309327, -13880436.695647165
13443523.576887801, 76390189.34674609, 2504581.8263239563
-11526336.19716546, 64102311.53365058, -46092449.99448679
-86171920.04958561, -93616616.1517755, 64333622.766705215
-50453418.04248937, -62162602.905388154, 77350463.649775
-21329226.829627365, 628443.8426378965, 29765268.348382294
-19159722.36707215, 56249963.693301916, -25201777.00293386
-6153340.596069694, -10442003.454188526, -161180.19768305123
49827379.39267129, -38928827.28864562, 6472039.6105478555
70155524.06694677, 19740249.7908227, 79928184.95917803
-27283981.774107873, -69029890.71504155, -88387949.38115153
21459106.788719893, -39827118.02471535, 75281757.03955254
-64621163.84823442, 23469972.004242614, 6186926.165063396
-15636572.955981582, -9018444.35701564, -1120620.818369612
52027228.08466971, -62079537.73892321, 19902836.289912164
9910279.689449713, -20847432.097762406, 3195528.8197675496
-69510658.85332844, 42560811.58738813, 30158000.37957394
-6586397.135762721, 33008995.402545556, -67124044.34061801
13966483.673133954, -5362623.255486682, -2163255.3473306447
558128.060430184, -491102.19466872513, 995599.0844546556
58613769.73923725, -54610762.83368671, -24847675.030483842
-88849453.91881524, 19586742.927443713, 27292215.516599387
-1434037.9870440662, 21734353.317830622, 6367251.666893199
-19382516.190641, 46339719.41753149, 64008533.02313566
-83045867.20141411, 65730991.58514145, 61609026.0586631
-802007.4556852579, 49731053.30369094, -60765970.664411604
46099370.54024193, -7673152.707662821, -54160988.29996008
51751965.29075086, 89017816.36507949, -77238837.49100313
-73175186.19678903, -69378125.7630864, -90764501.7215792
58752610.6777035, -25798297.739866793, 63409194.680535704
18102183.745671526, 48308831.637666404, -51441213.24398736
80017514.34111649, 63299966.83557418, -47761533.59396213
-30076899.86951016, -28645130.40951562, 62885185.666971356
79953766.96721092, -7598340.665742561, -99188046.36345206
13327907.862860397, -24613538.441426978, -81083922.95384382
-29241401.61372079, -75501247.87577108, 3589256.504687503
17253560.558125496, 85968177.81744888, 43265002.46058664
33853401.501920044, 9745953.432965472, -25232302.435981065
-12521388.63281937, 68764024.28761512, -56366361.58117232
14631885.039544895, 2338133.2831733376, -48617304.784539096
-27435255.25363089, 53586822.10865381, 34193678.824486986
60234748.23366201, -59033393.06823927, -79644881.35487291
26319340.660945296, -82833701.85525149, -47902550.54944368
-84760266.19653587, 40265442.544520736, 53467225.69749755
-40351443.81882623, -80318873.60145405, 44402381.75513747
-2161536.4361067414, -63619219.51061253, -49184990.42303695
16887824.248705477, 8935057.2900182, -29963389.180543885
-31620568.9134102, 31350716.849804685, -69528251.10502665
77419204.95807427, -92302673.22182521, -31264989.994731173
-55109364.419098996, 20095831.62406139, 988799.9416718185
7183750.140119299, 15831425.659494266, -64129073.716594554
94402893.25089478, 17169756.612480655, 71811840.6587789
71394524.31626454, 97505171.32431117, 11028221.653504789
-45047579.247809775, 57325839.17247164, -92735783.81439126
-5056746.886719793, -86924533.22205946, 46824745.04015124
-90977437.29008912, 3189770.0660278797, 40513771.3214055
16340941.206653818, -68137780.86417852, -71547085.6252842
-19088178.058364376, -43944291.17383167, 73651488.61170048
94783018.58770221, -32884206.885502264, -62468748.162624225
22456424.491791263, 71709445.25877565, -17168399.896205872
-26934937.57362269, -93967364.51226468, -28027624.496451482
11504551.860431582, -9958014.687347606, -20123086.159235343
19583907.39869617, 73525267.89892879, -85290718.35146642
17371959.740557104, -37229594.29944353, 18562264.17960933
36014318.89741415, 44450244.67859903, 84719423.47125217
-89467923.71492434, 57491388.02725196, 27562546.990047097
83366189.05917466, 26161297.61628802, -16732751.900296077
42741064.80811477, -10328593.736718789, 3258008.2365422994
-2768135.2328704894, 44234556.74297017, 28163992.341983616
54627959.084590256, 7648349.790048182, 84186541.22427246
-36821120.4816447, -15271579.182631, 49962049.3873243
74189340.54267669, 41134712.28902802, -41043045.159808435
68743052.85889941, -55915672.807084605, -58118595.769503534
-50793757.531880714, -36565723.35109938, -8407544.572449714
43851779.51001793, -22405632.46990417, -15170636.563324422
-63916335.090604484, -67866991.59931226, 10311994.13155821
3466570.580130607, 34515209.92363763, -13518816.176681757
-12195875.528058454, -11560051.59396489, 16560391.703442141
75064721.34332952, -60304171.5987708, -45330306.466876745
35287524.36637634, 75198533.17287666, 55168366.62792352
43221932.043094665, 51950308.49944934, 47990602.43350607
-10562517.139125675, 6298963.423161179, 34521921.0134044
-80976581.7385562, 89259704.81601492, 21883556.2989849
1701031.1000023633, 546251.438477084, -1835495.9713932723
24448174.73332405, 76847651.0805121, 29047313.9833757
3722234.7865023166, -95844060.4163863, 5379857.132661641
-23211635.990150616, 11553858.016260326, 74371861.10511422
85410566.25884539, 40560101.60332355, 23791326.243442684
54983171.18460783, -77789303.81884952, -52913607.73199278
96455615.59112266, 30226829.345615312, 63639609.08171114
-5891631.548892319, -27422867.435072765, -55296978.79355866
-49909844.68979136, -66815832.97282827, -8027814.378712922
3224762.068226397, -92990152.88881522, -72402926.96645516
-60087112.113223284, 2349528.14356488, -90102434.47783755
-9853901.928682223, 87434119.42377949, -76980646.71341404
3126769.2707384676, -47677608.86225059, -30082458.454370826
61722723.698299855, 88867731.50298083, 11870332.6380236
-21810465.108028308, 30417143.180877224, -43676592.4792047
68290273.94682664, -31784439.56882973, 39830566.03257048
-49265219.491718136, 44309438.98573691, 10323031.568504974
24511280.34442027, 65250278.80570462, -41095682.295332536
4634884.94973366, 63155467.5238401, -11234255.092361331
-10916313.279338524, -10262461.568813115, -2157921.295794904
89047364.35561478, -19041578.85235803, 82143561.68429413
26007288.662551194, 9588340.814736053, -37069160.62255263
55047218.7511763, 63640806.60555041, 20297415.0077371
-78272275.6956038, -52079590.215422764, 46680471.786805004
-78277989.84753016, -38791289.906059824, 25422967.148717597
-83366198.24839836, -1469416.2377298474, 82689385.32227132
-15037182.43473728, 88775130.3081868, 4193724.5905259103
9844729.66565311, 9032120.523747638, -37683285.33419758
78272009.05681321, -91901990.3511573, 82437595.91834664
31390149.06986974, -45433057.84217595, -49341302.02997722
958554.9472867101, -86821800.86563212, -14504187.717604816
-63144923.23652254, 75786189.09626767, 20952039.087552473
-23959170.08425483, 45201223.28783429, 11132836.71197547
17281456.629222736, 55034245.901443005, -59461034.596561916
-568142.9247822165, 5805551.05153358, 88315151.83480895
-1579663.0854326487, -733457.5890135914, 1645783.662776485
14343909.666897163, -96230769.73232956, -48893946.38144897
21479769.842010736, 25185775.994961575, 27447163.126998037
20304832.239598706, -15680253.097335383, 65489477.33807102
66169243.29859489, -40394637.488532096, -78730097.08447322
30036285.641123235, 46513171.279642224, -29098174.84494479
-92860181.15623538, -31610369.525335714, 95965616.47369462
89013721.73679581, -98568223.64665292, -25224213.581383377
-2659748.2768678963, -4479688.988133386, -2015746.6247406006
-43289679.43890703, 41164768.731461406, -37716806.4916946
63162597.895774186, 96642584.59520006, -50832846.37044345
42959354.342910886, -9994294.60634236, -16205667.421384722
37623694.93373856, -15338271.464075938, -36201866.76326846
-22666.76869237423, -96981763.47190532, -27589803.48153664
69216706.31772906, 73951166.61361068, -59670825.325634144
-65129554.695906825, 76486911.63106856, 28222957.91390945
25030627.557571486, -83768476.35753521, 37246490.074750215
1345490.5865052193, 58486478.4061608, 17031134.761686757
11789630.515284583, -33249712.524454966, -46992875.13700547
-17326621.825583726, -91153566.91666971, -63151292.187286146
35098718.51422995, 26221149.85370277, -14525403.474355578
97977404.25524837, 67383671.98953125, 31798466.93560961
65396597.54797861, 88373892.01757783, 75118739.7827073
-76929229.3121963, -20115007.398334563, -41255976.61588118
31329876.468728825, -71708689.6805661, -47918519.42237137
73986302.55059773, -92632452.4840655, 8482301.400871769
79325529.20712662, 74990925.46193987, -79010176.58839732
-932981.5798740983, 199382.0281123668, -979989.2007585019
-92970365.8299812, -6400280.871576294, 59537543.47907722
208014.2288480848, -46608351.22670277, 51464393.317329764
76132815.88283184, 32893108.982065365, 22601868.35666935
3946016.8616585433, 43899474.860856384, 75106116.22650075
67249793.29631141, 80283816.69179279, -48172148.186854444
-65169974.44758485, 9753424.531533316, -6792573.088762686
15056975.659541473, 61792876.36930373, 16041404.642063051
-6498177.766780034, 69769685.43155995, 66478115.11295271
70892844.51375657, -94563713.88018495, -9725513.818391666
-9395100.291689068, 81475857.98906797, 65154603.43662208
-37823625.96209707, 38590554.81598255, -49395561.04391412
74343866.04517692, -36023591.929553, 36867171.563304186
850900.4218740314, 30405293.44086586, -42341850.42479108
64584477.036771834, -22881399.678842455, 20322811.704966143
-39664478.73134098, 47450657.7117756, 23400959.086782813
-77100571.7920054, 49558880.19654742, 25668496.489890054
37634070.341869235, -97288463.62326631, -40643782.63042099
-98557397.93761787, -16915057.90583521, -39554638.11755286
37633576.53026837, -2273450.2535453737, 86882267.49017721
-35879553.6154511, 68139080.83146068, 150876.6992277503
31600701.293288752, 55492083.72346702, 65579265.39100239
-60831430.80426301, 57116028.615446836, -47321728.84228862
-66652098.66265978, -39776856.71680216, -38953040.403913766
57090262.341673344, -6825593.9304869175, -78285985.32133089
-3538370.0450299084, -95145263.14994039, -90882431.17700085
14129978.014518008, -62368834.65640071, -28993153.2359277
-48419013.90559502, -44573655.34807038, 90975553.3660385
2204541.636450559, 14629300.978019357, -90340887.67908497
-73718084.79804225, 58683925.00584191, 55605940.00238052
-79882497.24956915, -10826360.455611274, -29479125.489307538
-81501353.05273925, 41185088.14262113, -49792565.04425293
-24700097.69211708, 98046916.72635844, -21074296.621871084
98494823.52111945, 6421793.994315505, -54815209.06181252
-43357185.29325037, 84141945.62819755, -70277015.04168491
-21040197.407885164, -16248567.55696249, -39026347.41218054
96625259.44617656, -59783342.56969049, 73312930.59062552
34428811.571519524, 30993891.383901536, 89537202.4761788
-23567507.452943474, -26504742.10818903, 14933942.378557757
-63465771.39775264, 92034493.52077183, -44707804.50504801
-35061718.366713814, -28227251.781473115, -39160502.80291414
-55011078.23394249, 69575529.16606396, -78658904.95598389
-37372927.56286517, -70958622.24205804, -2852139.5114679486
-75322377.35546711, 7654696.553127781, -43955773.358038865
1848804.8687448949, 51815043.89831281, 21732136.914338544
64072652.136143625, 24882634.759415105, -13067875.298028842
-39606695.83672933, -2969956.4783538133, -10022432.474627167
-5514037.568544298, -61439128.96784638, -92589941.42014468
-74410094.62901658, 47809954.40216014, 7216759.342617691
-48856017.68241994, -86295514.8406747, -15259349.72256136
-63685503.84153802, -92974299.77704985, 20215353.90926774
880436.6033108532, -228785.9861728251, -3504338.180192694
77490962.69531307, -80402895.05767103, 93623727.29484615
13785874.021470666, 20670499.643421426, 15639095.376163796
2400612.3453259617, 10604627.167607054, -11960676.104062065
-55417870.582904436, -80490451.3448447, 89333200.52713257
13417226.48696746, 13793449.548539758, -17810585.801088452
83220672.41492575, 23113774.876283616, -19444864.403204426
28349516.96191761, -93422988.76292403, 35115262.21368119
-95667923.87767912, -30414694.92095998, -14974393.22755006
69017905.84855235, -3869770.7030295134, -64363477.12899486
60164068.30536091, 32686434.330566198, 89360000.60191423
110016.2683711499, -389747.7827949971, -120440.57814785838
49440748.765349746, 79024958.08904243, -97252245.71439095
-87673529.20209919, -89627577.28783026, -62116294.054440476
-16472360.851050347, 26467609.148125187, 43649212.54420969
-35729868.89687855, -93769059.08643955, 49070946.007840335
-64422875.80536783, -36651056.88290426, 95960837.04994127
19557462.494212836, 27129655.419796854, 65664725.19788274
-64999667.22142043, -81812218.59879783, -15750199.955548272
43605886.22743565, 66329857.388513476, -25492789.263674438
-61726522.15733339, 66410458.42294896, 16824330.253938317
54895740.75837672, 64780202.40695351, 54699733.92599875
21003438.900443554, 89965182.65001744, -4679557.247786239
-9929256.56579709, -5193742.696356192, -30609528.829670876
-71501716.06897217, 85283244.67178628, 76321809.36391073
824589.3082633913, 1806321.2372761518, 853521.8059543967
4626430.743001461, 12089950.70773746, 32574689.91672972
7500801.37431328, -33798112.122907266, 8191281.587432459
-87758267.7911543, 73494585.1728858, -30232496.418199897
65929701.54314235, 61492534.875519216, 63871868.971536696
20272881.857614294, -26660424.10488078, -60915971.096164465
-10654198.83732088, -95828488.12227118, 33051823.231045052
-24846829.90825957, 55429415.006270766, 24688811.396957844
2404116.58606714, -40146864.13412916, -64632914.28941109
99754660.00681356, -31976248.29709363, 84809701.48815063
-30542125.863519475, 78307522.2131615, 60261121.15881869
38050733.57931429, -77941196.62451237, -16777228.529466167
-79754913.71067393, -61345030.885634765, 38288252.49460411
59895066.80982366, -96529077.59264615, 81348025.56261992
-96637057.71858762, 32725348.442544222, -92105072.3007065
50329488.538446575, -66559002.438967064, -39643850.41786873
-57552686.639393836, -42268382.03735563, 20292240.222924396
-64647400.12546852, -73882559.29207124, -8281905.2464790195
9563494.33528614, 5203964.145549864, 17536769.533096224
-54687954.85988855, 58956389.308632284, -89255339.06843466
14888717.264513358, -6312099.177889705, -88532950.58784123
11342873.578748852, -67628.76100859046, 32923721.59346333
91268119.1750432, 8599107.49302724, 92466488.69174182
178796.48292806745, 59781869.27195576, -1469472.0210537463
-80395280.62411205, 84171889.00617403, -20284733.259963006
-41452159.68076341, -25508593.486902222, 63108965.580928445
40218104.196941614, -4170901.305915907, 19689659.32408981
-20607815.345718056, -18785723.189065397, -82647676.11084926
-1420266.3505716026, -24548035.514486417, 7221813.212085232
68714218.03134257, -46980848.29825615, 42294612.18039867
48404882.181203365, -46948294.510830805, 88994014.30767372
-51800203.30950215, 67566448.53863344, 25932404.6238316
27745720.314183474, 90178597.94420141, 11862923.497654095
91582084.42433816, 70279839.99141827, 9058978.691676065
-40611375.33304051, 73530601.03478178, 23631811.37494643
63285921.4838748, -87280129.5472132, -77935641.19325139
68817678.62977305, 49565540.175450146, -82442937.79943825
63181790.54419249, 84247742.62397847, -81492247.40126677
42439054.66476643, -34456045.74502215, -93451786.62438023
44892844.43548596, -43947611.093410656, -40452282.95872299
-95419622.47368303, 87139977.61727694, 34452349.3487421
-64187139.45004797, -81632231.59994797, 36267395.89883578
92193668.23428294, 51602631.22624388, 87526282.42583072
2033626.889125377, 30474095.90729466, 38957147.70495945
-17560179.093497068, 32456697.95694232, -31717906.515724793
1728479.7874691784, 1119927.54849495, -2428642.008854449
-19308546.393168584, 55601748.44527835, -40863241.01338381
-64050427.81013841, -97284269.41386856, 81025956.48158953
37651905.86692473, -23317885.37745236, -14119786.632162511
28756273.212889433, 99652214.39342687, 58956591.09923267
-16408992.542106971, -30992568.01419443, 96997220.87003523
-21023507.297766447, 46146918.54299256, -20670093.28593996
45225762.39907497, -26454976.196473673, -18821295.164406046
39399252.96800971, 25423867.55686474, -62839021.69194706
-15766656.701131955, 32272073.9598424, -84276161.18870176
-47775013.79955726, -69416590.17329335, 35464310.04843113
-52249383.67081624, -35030929.47860322, 88869972.21162364
25059191.627051324, -89710416.01786986, -93234685.3307063
-81050077.69322687, 61673217.65541044, 73088773.68571404
-22429621.23336996, -20071177.526813954, -64453976.9272511
-92866595.78922556, 74744964.3160527, 56693582.58684844
-31822848.197136596, 18510453.142752364, -89892381.63043886
-7773337.793818459, 94352019.48889047, 48057195.15569392
81137109.73971543, -89250229.90288006, 75122014.39631319
-20160234.923450872, 45815110.29216635, -28227391.9321059
-17282173.939447552, 58975412.597333044, -13823300.090679333
70732402.65636197, -93786869.2527535, -62328103.826607496
33765114.18648009, 29123237.737193123, -81286194.4744463
-79367080.1634427, -6488290.155810788, -52126920.394483455
13872639.760849267, -87023812.45386802, 33952169.06063801
64254704.263943195, 5606728.633430213, 31883790.864319444
50882629.746908575, -29363884.20064111, 14709178.398039028
-52092808.349900864, -93349442.20586099, 45431201.654207796
62101690.26464656, -49918426.07305323, 64426616.86904681
51688330.49516705, 45301983.55587825, 94571597.39017159
96465106.98783556, -45197787.47184376, -52666866.08855686
71976948.72981808, 4847859.706469685, 86514287.90472618
1500139.0588899553, 92795843.59015071, -20880974.283019066
53513784.236664414, 75898489.17585623, -99684384.73393501
-21700746.576955706, 58400465.7099047, 39157486.058395326
348074.3517845273, -824061.9447157979, 41692.14075425267
-15107559.786483899, -2227212.4306806624, -639758.7589303702
74407604.58736047, -63507701.2513364, -23305705.94835773
55552560.28777543, 42458287.87871018, -12643376.58417131
-37514875.567418106, 40388462.95595166, 40573982.04729661
-4332491.843082711, 95499971.80478248, 17335589.33860475
22992219.438600212, -85808800.62166576, -39339892.786578454
-1114441.2934585959, 15631650.582362339, 4429595.371213436
-26456527.688378602, -88947930.40176599, -54597683.59922963
-41305607.41252263, 3742464.374281004, 60360512.520486474
28855189.22308898, 31789108.12857987, 51353109.4673228
-3000962.385977626, 14212372.441837132, 4554301.6975274235
94047350.41962281, -47259723.221454374, 99566759.39660525
79505087.89022917, -14121528.911597103, 80843010.26625678
-96253376.0258563, -73317158.22827229, -52838872.58341043
-55147287.497732565, 68644342.24740371, -37995189.31254726
-66588402.80915319, 61076445.38358471, 66698689.451800466
-18738254.959079236, -66017943.553461224, 85468409.20277858
-47086055.54515619, 44375657.549212456, 65739405.22816262
48814369.48036721, 34819370.503643125, -49557673.57087868
20801622.008249596, 97986739.25739646, 64543480.269195676
-15875843.681059033, 35663110.39560926, 37595037.62386036
-14322515.158053324, -18682133.259579375, -50515169.20006831
-90434207.8305997, 3977257.0817884505, 2965520.37445046
39468713.429655224, -57557021.89911185, 35770992.23080948
6927583.516882256, -46452251.66107756, 52993664.085139096
94953011.68304011, 59776314.57655436, 24575188.525065288
84482124.14821666, 50191068.38004455, -92381677.23897335
-2123706.77396743, 850928.2809119821, 31314686.262717932
-93593046.60954817, 49241746.18148035, -87061457.53015257
-16284636.194637299, -10905626.643042713, 25928598.830334738
7393987.392927229, -56641466.30280131, 8300679.867655531
59220211.29984546, -43603678.534680255, 49228191.79597512
-259702.15075281262, 2226679.621927768, 16250446.676522851
-69215519.3627495, -77841921.32170369, -5077208.659434736
-27173651.463977814, -64100735.46876349, 28806632.141686365
67903608.31485733, -28456905.677501827, -29007226.670270488
-60233797.12727361, 89129167.43070954, 57751527.887061566
-44255282.16288362, 47119665.69801965, -635468.3894727528
61884171.40075132, 19950388.36299406, 35172542.9570345
57442719.556019306, -78388192.45069614, -75033784.80361214
14617229.403263152, -17112790.932622433, -35375541.45332822
13047335.304825872, -19128750.22792211, 20681040.46953632
-98681210.9680957, -44818406.67669363, -30958269.54414311
-69544947.4184177, -96992206.7015422, 50977520.837762386
20574749.697260052, 80369637.73766345, 91245907.23158231
1791216.796328187, -881036.7066564858, -748493.9343370199
-95891809.41849169, -37683992.38286624, -48279317.63528261
-22057338.431417957, -52349597.96178154, 81576972.20011628
2312430.074325621, 21994308.33644767, 10745009.258617029
-35657705.76681397, 53406575.764885515, -53227045.2031582
-35898284.22469617, 76867524.77564979, 59053744.52665189
57611672.89335406, -60236179.24634841, 23660568.413954303
790028.3865533322, 35569136.7946901, 63180884.90581423
5071575.847973153, 2777207.923527032, -1886991.6352404356
-23452271.415658534, 17663208.19408667, -7754339.529119521
-35307198.316302955, -71899433.62847966, -4389302.229786441
-89257282.96522474, -75084021.90543914, 4825967.273168862
72238958.76564196, 50804515.256800294, -18823991.267516598
29460721.078618318, 40050401.99898183, 19316547.789419398
-49279657.659676924, 37054380.36444825, 34352778.70441291
69034134.69295204, 92636284.5709351, 14158076.236178845
14936444.823249355, -70981684.8262133, 33410194.718002632
-50250117.27616531, -40856747.56518829, -24533291.52404964
-4801400.514930502, 4154927.3886119425, -3691413.605898112
95862077.68515563, -28199960.946773857, 67449437.69639334
-15186872.403555408, -34078580.83288795, 89838830.5597429
-816848.3085091412, -83853489.51155704, -91083207.67948635
-23535908.394115657, 27641133.77508706, 37638476.860887885
22006505.937111437, 81614834.31132588, 87580889.21123034
99642493.89708883, 41666746.34175983, 82074373.22210932
14378899.924646676, -6721388.74080053, -4639168.682703406
-24445354.046985626, 81569114.69812101, -76268024.57986508
-63754167.93159032, -30073923.941855416, 77930453.88516596
-10907093.84647581, 11642773.818181679, -3513576.9259337485
69368269.562287, -99413185.02545798, 67278541.81622067
-67307586.49913633, 43709483.61029971, -8057588.230229393
44013610.68025306, -35442176.75575976, 3280573.4091711193
46722681.03722134, 40211195.9761357, 71179470.66100463
-21992672.71784666, -12724540.154231742, -2910969.8402576
-94404134.13771187, -26018571.29981482, -36374451.036255494
-18070103.689024404, -64715145.82791309, -37491385.87278698
43943272.836615175, 66039858.30701637, -1667486.227415681
-50931348.17443874, 94081391.47067821, -5676780.723191157
24666915.24735439, 54375926.48324141, 39859671.18955287
20131717.30815111, 18880034.70281756, 9835038.627048448
-17233713.823718697, 22640832.99807398, -50577200.647854604
41195559.86173561, -40842352.09250804, -60904641.146474384
-42823932.00912016, -33544813.170558706, 54185451.57016775
92948886.07647547, -29894592.840825036, -72995249.3316145
25475700.7737958, -5927816.617904335, 83102100.312668
-98509115.3745195, 21185062.01966472, 838031.4273698479
-67616640.43820697, 82024759.81339529, -8076400.455851942
33719628.320968285, -36300019.094162226, -56078597.14424004
-81868257.23750624, -53272032.164704554, -62901844.926366456
-18036188.620234355, -45287352.76710478, 10463628.89032492
52738638.28812641, -16435834.900690407, 41529387.994805515
27152344.85418713, 17474632.635441974, 5551507.826332405
-38963639.45375003, 82239711.35168952, 12335251.322594017
95084266.43027744, -85709737.41325578, -62351808.17933848
-72777822.97228663, 69792677.61364156, -7705067.004714668
-27123436.286901683, -2413420.9874915034, -23231009.976357162
45590016.85966754, 66624530.45920324, 39149251.496567786
-26090869.245391086, -53184812.72121445, 89050907.54579481
79750159.97698641, 70923057.09315372, 6778660.570653766
1607009.7668492496, -619831.7102606297, -30931242.367373884
5471479.4083779305, 405032.91167730093, -32041854.31610158
-32418989.40799983, -63694714.05839489, -43008720.14877877
-27704809.295964748, 27900906.554898188, -19967825.43893358
-11589535.931833088, 63194655.228952765, -63429306.96113687
-91248458.77220209, 15316797.140348062, 40331983.11252779
-30466597.82503362, -18523142.65803176, -29695839.823264316
12776090.07651113, 1839717.5563030392, -19146949.180830225
-62330041.642747, -15120860.979854062, 48033950.61223066
99473906.8432635, 90657921.3909592, -74267793.61835244
30775181.17257616, -18087026.404344425, -56477886.579247236
27945376.7207188, -61875617.65593592, -53532496.71048766
95768793.49595648, 38809038.19692877, 20765659.70767106
32145162.84779428, -60204956.19208073, 55820717.126543224
-391223.090730831, -65297311.32241008, 88818150.53631261
1447501.8785308003, -70433285.46465768, -93169938.42103502
-40657619.97211659, 39010103.49650246, -87473968.63529657
4155405.57385166, -7342375.498985246, -33615948.93826054
61734911.95791134, -1212303.1295190603, -23496392.569802344
79165677.45267236, -95239822.08470139, 84625248.75498816
6023982.4984961, -35154714.05014743, -56183238.73686075
-59577637.70586244, -73039268.9804523, 90071762.98415998
21949899.501329392, -48991741.50703014, -56503519.89495908
7245804.349127457, -76076833.6299623, 116536.69380316138
46785811.74747917, -74218799.06419861, 22331517.123714566
29157647.424791783, -1458301.9721470475, 77739001.49512568
96881087.57255852, 37218547.185846806, 98823265.65899062
3396434.488280043, 5614695.005463719, -606341.7881442457
2379636.9016474187, -1943102.2180879116, 2695292.3842341006
-96954097.88192791, 72648904.74067995, -7636875.572011054
72689864.84068, -94327235.15869421, 97005927.56993937
830779.6565942168, 764524.1806725711, 770375.6789577305
-82692987.07154591, 28131348.06531194, 3703101.628563404
-44046931.38499218, -20977425.469629154, -26124154.107342795
-38450371.13402949, -7717473.228780225, -46343958.507753834
-111136.95625515282, 524512.7031261623, 489761.08883042634
-63975949.12122269, -14511835.280502975, 97208637.80805573
42010530.95338243, -15424848.421490237, -33963300.09705948
-5509836.899629384, -80449669.16882, 10180516.29857944
94894587.65652126, -54969411.58502162, 58539086.43544236
-6327577.997357488, 81009407.993747, -19039047.524497494
19072074.793504566, -46426773.294206366, 20914693.240365863
-12037681.581082165, -3851066.4039162397, -46464577.38375287
41003569.202418, 10357027.0711063, -61249445.16429671
-1593536.5414557904, 1038084.3128149956, 6129851.0433283895
-83576374.13305993, 41246225.50032148, 14250697.067336768
34912463.936994284, -67851438.24814808, -35785247.074783675
-61632573.06223407, -54412562.799397476, -50878930.21668395
-1040944.1344276369, 22648618.040628985, -88986913.61883675
13842368.204699904, 86118037.00940531, -44351283.17310928
12793657.69499287, 6688040.793382928, 10193429.34512584
34954149.09402016, -46916385.04510689, 44328924.96940738
-61341061.054310605, -37035821.42319044, -60001848.780884124
76471448.65144116, 58459212.44297156, -76213465.21569526
84925474.43395233, -37614372.283042744, -10772238.002599522
-85288783.7016167, 64656529.861887544, 92674812.78943884
-27362437.835765645, -43677542.16380757, -3275915.3057510406
-33724379.1994388, 73528734.03800654, -62005517.456560865
18055278.691092223, -72061978.25122073, 75470603.74247551
-93253246.67624603, 46423994.533062816, 19379818.09481591
57091366.36250028, -18323396.343448, -56418081.13803479
-1083242.7913103104, 55727897.002461344, -55576175.458755665
-91592885.17771122, -98705625.77361485, -79276018.45391873
57556084.81847927, 10466775.597109064, -13390964.723469034
-37802714.09401435, 72509832.87098524, -20310757.261423945
-41291008.08530009, -39662126.114855975, -69705684.08332299
-1475767.147906512, 6982612.789576098, -11890074.176975578
68548183.54629025, 58902532.817186594, 98269759.44386184
7551091.788700387, 13205620.453732789, -57175029.94380279
-17685217.246526346, -33174324.44785182, 40172687.04674259
-67598976.14709401, -41107020.714497365, 9623878.29576148
-65412969.81870914, 41723140.180796, 44388666.34852275
95570508.94477096, -43589132.92101365, -94614523.25144328
-7706833.401142105, 82843887.45893916, -44055569.51133933
99267148.19595093, -67327770.099968, 47909978.52246302
33019371.162017167, 36837070.65060872, -17449453.95985724
6995657.48209472, -40826638.02934679, 13071880.556308702
-24108994.399121508, 75048103.18932796, 27489653.729116365
5184890.906570524, 13804515.821756393, 1863515.4157561064
-34329319.80248204, -8221459.161028236, 48693452.21536133
-16074994.844203055, -45959379.286954105, -40072463.24809721
-33791426.034304336, -23363354.190557793, 89280240.56943071
83688045.83824, 92196172.43855229, 12858312.062420934
3671301.0160408765, 18903811.00310439, -83516308.46110407
86384207.69662169, 16419669.06239532, -11463760.148522168
92366927.4414573, 30927913.863129646, -22983024.916037694
-8336520.103662819, -85992392.35202786, -39349034.79463996
-17823371.131280452, -1629660.1111620963, 33414286.771010503
-87122155.56292087, -60959536.5437962, 77026925.00143221
28165974.066330343, 53728739.85790759, 10288465.173885196
64796418.20285493, -96498569.24092172, -21251800.067244813
49562166.94477856, 81285087.80566305, -26015666.43672362
-949763.0328126848, -49484259.32058311, 53269357.60085124
-45164329.96982151, 89212735.90876016, 1774836.012818694
-46842.006246477365, -701996.1599143296, 95001011.30461279
-76640079.88025336, -37189513.149059005, -75244857.2291046
-10454248.45432359, -30218515.31648323, -29638424.70464146
24844665.639510512, -33368033.47106787, -12581113.087487996
-62402268.088345766, 47910936.511541754, 85130583.48172823
-96618859.19632383, 47358159.60719091, -95981033.3171985
65101363.43821412, 286018.21841685474, -11114124.289806709
-87676614.26175897, 10454052.534500152, -65761467.15483311
3025168.782077998, -12758962.048887685, -18035980.862605095
31945140.23690796, 46473241.759461164, 57913394.13257298
-69524495.72068185, 31084298.65310003, -82827811.54143517
9624961.84750399, 87301052.98575854, 36318047.10214087
27923977.883881763, -51702181.43134584, -76280775.0079427
-75208583.06160949, 62352934.927707404, -94943998.70818728
16219751.250238508, -56274571.292409316, 83724992.76364604
96356122.50506711, 25972794.33544682, -80395370.79954693
32093633.615364656, 36635882.15340611, -65075455.32621581
36431731.33944598, 45376947.57417709, 49826407.07275188
4693866.118188202, -25417257.027615696, -72769432.66772933
-26317024.735237002, -13188770.960635513, 39738066.41913083
-25424427.293329656, 71471392.53488639, 9364361.39254129
-71306140.51248512, -48127419.06323923, 99573262.88317391
-92084794.98649953, -94091991.65812641, 20517596.6638806
36376147.370121986, 14614826.838569999, -55328139.12204513
-74325821.64393382, 3759850.5278216004, -46604875.92241025
-22622294.68958889, 24253136.997650877, 43990090.71911085
-64418558.39656485, 43213071.602644295, 31835467.819534212
-37596165.34055026, -35676330.554835476, 84837443.27272922
-49195339.97142163, 2106917.663753018, 43875685.841362774
-24639013.82829237, -82671129.34656064, -27750065.492988735
3261429.091854587, -99146413.02400197, -45256276.13399861
34298143.620593816, -26578912.332695737, -53496966.37971415
-52447513.656080894, -24844911.16864276, 57761783.144491106
8197040.062653005, 30987230.74586636, 7342753.102511838
-89348205.15533495, 85217585.93768972, 26977221.56725207
27008669.48273672, -85999099.41467802, 545860.1621442884
-68741941.63432407, 88895535.96244332, 73317974.86168095
-80097204.31675321, -73501481.31954557, -81274926.6062105
55523317.299070686, -65544156.43152318, -47395248.30035986
82158228.01876235, 90853138.6295119, -90327832.0901721
5119455.3865670115, -11031177.111868843, -15524509.366719902
82947739.95866698, -67332557.30137756, 66405891.879320025
23154554.55216062, -90115737.97423106, -37274221.16304391
-6812275.641206041, 56223046.57208544, -69965851.30139638
29968245.51778379, 26434897.266913056, -8670870.634709328
12908857.665851772, 6685958.838550895, 35527410.07891035
-7873422.322857574, 50255824.13144496, 70482697.98390335
-40834545.66865356, -15915538.4342421, -25416888.680884704
52705769.266694605, -12811654.928538308, -46012131.06403916
-52121213.83758843, -94699224.7996483, 55059049.00242394
63704393.25918466, 97942309.75990665, -75270767.93565433
274656.7507637739, 27165873.436657593, -5824100.588543192
30726597.759839162, 30862927.76376222, 63175868.71900123
-33131088.34146767, 10993949.504305989, 55803557.40197185
-20380494.72956638, -95721071.3366847, -79394035.72991541
23272477.947123855, -46927468.91948316, -59341666.2918828
-39861452.10310732, -88064243.75541557, 32451239.81026703
89759389.41663116, 93710709.01592344, -73521867.85979153
-3737551.16215086, -1467967.7010013312, -105334.18490122259
-72342229.73033546, 42740388.43022722, 69440025.57718116
45169843.33313897, -70915933.90415825, 33059241.96522841
19431684.80517219, 82856479.8625012, -41786464.654240206
-74055661.4616423, -28777919.710094154, 17312304.248014286
-17393848.224671245, 79597116.96712163, -10542286.180674031
12910181.430943072, -86353003.97244203, 31346662.72788222
80516145.06372574, 14782304.234185845, 39228477.51512921
53156488.62553254, -8825500.18830344, 92362210.29655093
94317799.09949774, -19329864.793499067, 11974987.910843909
19217498.777266726, 27968098.59614435, -25743374.056853548
-3546042.5510175973, 10515112.101770192, -1672846.564835623
55388869.74678618, 70330296.29801711, -11355151.65530841
21645587.41907099, 15834065.351636112, -95883895.68954514
-93320530.08167453, -67400298.9225246, 5389952.957605138
-50596635.19393689, 69262846.0301216, 69828119.08029255
6933412.620778695, -5979005.1622518, -825080.4123105705
49118343.43910441, 52125607.01277548, 78404558.1573686
-84277798.25241199, 41103371.003729194, -1239333.3420214206
5486051.9801731855, -2847217.809034854, -5863733.877723917
74163372.03831246, -89572461.71652809, -15233729.851383135
18729647.758873, 87654645.14278206, 15798106.527006552
-952957.2257466018, 43668.07415048778, -860444.8864432722
-48959520.865839325, -24149017.659918055, 13323673.850690305
99015343.29514271, -6912146.902445972, 32162192.40762481
-41425530.580870375, -84375281.80546607, -62528523.035846926
-33086095.76807355, -48317939.250324324, -93177159.37537672
-66504676.99304074, -82510288.09648933, 94541032.21424618
-79046395.06539443, 65504637.52081141, -34712711.40360139
72704021.12531856, -635129.4563565701, -37898592.58052006
31656443.1369621, 32490963.010147095, -77424061.99862707
-90932995.85277766, -42748741.85332893, -19323572.39710036
-37662689.6610875, -36538236.476176, -91633113.24653807
-58042705.02637676, 11777497.044677079, -25744292.38509868
64286767.111367375, -79661481.49666576, -39822432.177555814
-23159255.140761405, 97380324.35985354, 33437186.880341947
43620004.227871925, -10592490.24515368, 53171964.57191795
82652152.44446275, -65154681.21466421, 27591376.46244447
60099895.76127419, 61755873.06671041, 10637245.083118334
-66218438.1879739, 80334998.80712655, 44731051.95748448
3780901.7299599946, -7261016.168688923, -2970228.059128478
40440630.26145136, 62759877.13017711, 74295780.17343569
42741502.73189083, -13345040.131621078, 51848049.26264751
19327930.245440543, 13657874.25469707, 15845400.392721713
-50748546.0643063, 12620971.480840027, 20385157.91436912
-13559445.785255402, 4424942.131663159, 70187732.70210552
32966917.079216525, -65098797.7372925, 37420644.99209893
19721291.24735585, 12853501.14998722, -32198520.56512946
8240585.943080395, -26999066.0803878, -18001203.692795157
9512726.554680586, -13757676.590424925, 20760564.274609953
-59492818.7894066, -94302117.58556421, -80083839.09027544
52841032.90890199, -26536067.947211817, -19355986.591669485
501681.3874246627, 1059281.11322245, -395067.0837253034
-40544783.324619725, -56809323.192560226, 77724268.05797067
-36051210.21799644, 69998113.23606399, -1216846.0519601703
37017683.93086654, 4434566.928071588, -75782259.43804097
19906853.443002537, 51519924.74604404, -74681714.73784284
-64034575.50148261, 82457730.37186193, -89423465.47863422
-27742476.38287966, -87257625.4914375, 22255454.666609228
-39149415.93341068, -47547415.951846905, -78096253.53819919
-34903252.797169596, 78655144.20129055, -44648807.66946677
-25710225.652292103, -89089460.98698568, 54020213.39137754
20043532.277671307, 36864549.19840273, -32608147.251107678
-1954760.6086902171, 64337979.461812824, -73127652.86458611
-97485802.33130744, 33662297.24208538, -38268662.68603728
-2916351.7215863913, -15712289.349139825, -31484701.965930298
66323562.88399714, -32124271.25447011, -25143891.443879873
-20097072.097963437, 16529090.555715382, 242590.23437209427
9053180.322580695, -21512406.60919054, -15601807.913077235
19253921.55068904, 60044075.72422534, 94171695.7722303
-49211217.15774357, -19791341.965356886, 8162326.501836374
-53603265.7933821, -12494535.18805486, 25935878.929096162
48293294.8337473, 94056018.4755472, -59064995.81544862
-22656861.534134835, 42874767.78360516, -76545298.77048999
-20994754.385664046, 3157087.6133532524, 47812490.823447496
91286593.45323634, 2289953.9077495486, -52805501.154465765
41627452.30064404, -16077649.277638063, 69009774.6769549
11009513.675252557, -60318909.9500244, 9004806.611561134
49004947.86332539, 57381237.62289375, -96281403.19354261
26075826.221482724, 44959244.67194873, -4002637.871578172
-33062774.39439536, 2221769.4822386205, -48478894.39730084
-47320495.234084524, -44879793.414985046, 65302024.950807065
-82229438.30606554, 94762213.62813523, 12493483.310910285
-9699758.110884488, 64091018.28807825, -35256292.281859204
63190868.744402975, -66493286.805524155, 48206181.44437477
-7624668.044683754, -51224179.48283655, 66639011.999944985
15614669.673419222, -29048319.810549334, 3949100.8043233156
-21623646.38446626, 1418697.9207776934, -82278657.57093056
81958648.38998696, -85250146.95952687, 23885060.005976617
18262775.275263116, -90307407.28339279, -77453320.2633706
-31991976.237725317, 98108636.15922579, 32371576.95156449
-52590974.62607723, 60590515.37038466, -41167427.41829096
13066439.252477124, -52547141.202836275, 91733067.61860162
78110314.64115551, -95751595.9241248, -85236133.7986648
34561577.26464832, 91400446.65769157, -21965783.5635968
-49393610.91250835, 81802801.26568377, 75776095.58161435
-32315567.961486652, -63515338.94347765, -94272098.74929383
66772453.587833345, 7677954.771722868, -50643693.727851756
-66921228.556832716, -28258196.535094544, 7941531.940361515
-60205365.24716505, -33851242.2022043, 17358246.663642988
-92220154.04343848, 53485875.097583115, 27699869.83419861
81946219.7567021, 75622648.53830108, 63834371.78477916
-44784749.78808244, 59744843.43393499, -40177810.90578203
-65842829.95097892, -6806966.843248084, -56334809.63932323
62979023.51767102, 62535335.58794126, 3906606.8276616335
6639866.008881599, 27770190.042363495, 31870787.85670565
-7307385.063825116, 3831934.181161493, 1066363.7881031483
2608051.6966363788, -53635840.765658416, 60178298.66350755
-53759.66762915254, 177772.5930058658, -355142.4394605607
14613429.957034945, -59750614.12679681, 15177664.064249024
50055830.50981611, -85342867.00507991, 30103382.2632709
-92993815.82394406, -59717945.42264559, 32162000.2564376
42115925.18498212, -21784678.614833042, -24658985.084561035
-2968575.2656749487, 31424748.719666913, -65314124.61848931
-86733903.54276977, -54799015.16885266, -95295283.47322582
-23603194.801631376, -19753700.687164575, 17944124.16175233
-26609288.910675094, 90218323.05273753, -55443607.76079895
-42720191.90659793, 94510111.43041003, 53180029.971562535
-51960931.44727498, 87493499.34949505, -33948890.90628754
-2501908.642878309, 14555583.614584848, -8911752.416643724
-13596554.58894737, -67935187.14427769, -69230669.04381014
65734910.51622599, -69552046.80535008, -19985301.315321147
-48297939.35416955, 47905693.23593578, -10476085.100539565
64614093.83119279, 2299973.763864532, -71852927.76081516
-41675431.716679424, -31596613.280280873, 16157436.448889866
41390405.523484915, 17846206.20159252, 63130125.9983522
-28655110.69780311, 38835706.54623777, 75810065.85165241
-92648021.03717564, 91671410.59624189, -4739589.59594278
68262135.3906686, -85689216.8982093, -1998632.8714802712
31716060.511440307, -33326192.1505424, 54387114.76393291
47737693.572072804, 39401484.45090607, 73812096.51745406
-65410672.836054154, 25281621.1887767, -2108723.8768630326
69184014.20003203, -6952017.449145794, -2397770.1459403634
29179552.375515774, -26711372.03438592, -5702467.424954578
80592681.64440104, -57077529.753662206, 82146965.12644231
-11814468.299520776, 33954522.088498875, -20086866.537535667
1516125.2935758382, 1107859.145185724, 348935.7508803457
-2801352.1776093096, -488527.094218567, -251683.68603798747
61783753.49193731, -14479570.32769911, -80078500.11275099
-53419701.103151284, -46365998.7775263, -60954497.97283405
51515492.55149233, -3813258.9712002873, -69721277.20388703
24975577.840107515, 2121232.811713055, 4279313.160002962
-29163540.235238135, 27177899.84008789, -26657648.105401367
79064370.62876931, -21834202.41241531, 17558099.94105187
5026464.3948851675, -6804912.23208344, -5260236.197235525
-70711562.00140285, -62679173.26195887, -64710895.3908625
-95464329.89939272, -52198084.7287066, 86522750.72369236
36531828.53599629, -40125138.86816258, -26346525.896975547
-68872985.97070095, -40290156.944363154, -5890792.842119023
-1727882.919953376, -2429110.574215591, -5398003.175465554
91446297.75043505, 81468728.85048431, 61096018.22683284
-90174636.27909179, 5276740.910888329, -67969158.98095459
49618243.00037357, -12734427.617784455, -40028040.82138494
-61287299.82149988, 21286355.549360156, -66925714.56107493
-67301543.72196528, 82825224.13131669, -6347642.486942396
-47084726.86254746, 19754174.832692638, -15645739.920404121
-85845296.69039005, 39834241.479548305, -75918184.17643832
20340306.380873784, 51491592.400574714, -46766362.56663755
44640150.504160285, -98524675.98289251, 50831487.021023214
-69118237.211743, -40444756.10089975, -56589908.19686724
-85164964.44686952, 52522326.67572659, -75873512.2908464
-96199680.65533577, 99150865.97685882, -38451622.61299779
8723852.833753482, -58961439.29606965, 22451736.261125594
-4719261.095497295, 95804848.6727694, -97010139.0732645
39343796.69191837, -54404840.30327935, 82328526.67888129
-76484431.8776403, -42287900.35626044, -38633771.53187917
-57226506.18639003, 19611998.678240344, 36131543.94223371
54181394.38281137, -86894523.00963123, -47051280.68002697
63980948.462290496, -57400136.085130885, 21124892.55501297
5664398.579663336, -8448937.247899309, -27462484.56520854
74714644.90412176, -1121917.1694782227, 7881489.62034978
-19505539.496392414, 65713622.3253825, 44628308.48238239
-92318025.71339938, 7607685.564927727, 64330215.08978599
-28364106.930947155, -29304807.616166607, 34602652.01399082
87819150.93253526, 83112403.03524846, -58612286.327739336
-75606910.43719377, 42982515.041700155, -19227292.08400084
-18856314.082972795, -86325058.72484033, 39874998.78206748
-45071123.69734369, 71824108.49793312, 87140622.1143418
-32815677.587289453, -54175731.373771094, -29303702.342553347
35221647.22267723, -35310061.6690583, -96645478.29803723
16213125.363857657, 78920345.10304502, -11703773.838482782
26260440.686294824, -25563283.463486224, 9963620.002685979
-15554178.217298359, -46986923.26234961, 79825306.96265188
-87126860.95484403, -74039133.54347336, 69003303.8833124
-75584996.34102848, -43612792.24993248, -35236349.515894
8898064.383313641, -12144447.281411037, 33105517.80447693
-80328382.04424857, 71300693.65143162, -61320590.390147835
30621701.700216368, -26538825.301886976, -22600487.91302897
-51862849.91204191, -94590656.46070242, -1281795.8725519776
91264927.45989415, -94411309.71980292, 92299199.95941943
-25349968.88587466, 53123306.33149749, 21510736.02856721
-95251366.76777633, 96732226.45942307, -88659415.77017309
-13896482.914995193, 78590776.16936329, 95730991.70562577
-1658026.8554660082, -11011027.156698018, -3250868.9331249446
-31848554.170186326, -49195747.09309311, 12859878.953523725
-66827694.47456376, -39321359.20314506, 78145124.8304806
40548110.89220026, -17484173.1339892, -50772944.43393554
34924762.760566264, 52321128.33324957, -92319245.26440756
19073846.62460625, -33057162.790679783, -47659351.11731188
64504821.87909895, -72474130.38758661, -44115684.172379985
223043.87734282017, -192508.2109052837, 2585.6162182688713
92959262.16188964, -82322360.31046964, 47004127.878877014
71388622.34401307, -96218358.30162327, -88967520.60155743
14566744.19260253, 3692551.847190216, -34554242.310317785
56803589.34600502, 62768126.111750126, 66219892.3239471
25950422.30451399, -44279682.19812471, -88099701.35284826
30570632.096954703, -31051748.622672856, -50508400.65596849
27688918.121618286, 36667647.67126614, 74731897.23330623
-17739925.52584611, -12120581.5051509, 5716996.530756652
-104818.06432178617, -84175857.6807508, 95432196.50381324
-44724664.17141825, -26428585.15996416, -6588040.124108002
59002188.75519848, -96880833.98838547, -74306859.89629473
86055715.03737852, -94714158.59071738, -16188729.162133187
29069188.071745396, -18507048.169366285, -62921019.61368648
-68139844.26906186, 94912440.23377937, 18214826.79829523
-42504375.90199483, -24638626.56937103, 52943614.17274231
42907.60047149658, 11252781.845959842, 33104367.41842577
50814649.14573082, -84112816.63181014, 97605698.05837283
90603146.33615476, -32894000.466905758, -15216213.190263256
-55720584.17379156, 95121646.74613822, 46511697.232449055
-41578857.53737292, 90067243.24342906, 15060489.67559044
-91343710.86392216, 80350539.15556803, 38642292.83958629
4358545.287238091, -16954678.939580053, -46907414.59458612
-20273726.37533191, -27192762.4164944, -16111307.878085062
-15531791.208962992, -31684857.934355065, -2920374.10691233
22955302.234628424, 5339469.265845969, -18071395.695750162
-19356199.02707833, 72330435.36357448, -71884160.83249462
77515301.39517891, -1282638.9973309487, 2196983.2800622582
-445500.2305730432, 3015323.456373945, 9068316.515434071
87427281.41409108, 75596364.37787226, 96046572.65616769
-43983167.28451672, -68426605.18586119, -19003948.1617233
34847041.8043167, -41100694.144036524, 35181448.28155261
63332093.190038174, 28596939.180892125, -42241980.46876573
36372487.41399655, -61199264.97431403, -80193583.9205755
-33807709.17298254, 36799062.243561625, -18191586.878307194
56018419.33961117, -77345360.88506791, -41905860.44745863
28144030.350993037, 68151417.68163475, 25658024.736390144
90929987.92578205, -78831115.06338325, -47573658.09461274
-6360958.777182817, 9137917.422973543, 6425184.466755837
89816359.03197277, -28471805.21858339, 64448709.887268186
-293738.38695569336, -208081.57764782012, -424076.9624042511
90430473.53595054, 92313055.5049893, 14034160.013241962
93274352.5946337, 7508539.483604223, -73733382.16293779
-5083225.918191642, -6215263.539218485, -4533937.282302454
33641541.63599111, -20928735.409245685, -52366627.18377014
60615517.96120843, -38361553.33492446, -16836955.8758799
-57162761.627201796, -40190000.37838279, -2254852.462525949
-75721248.33840123, 23341995.736970425, 98895754.15771818
-17548435.370136634, -83189077.3438936, 98091768.9461329
-72579125.72764182, -2904275.2730256766, 90492018.56892991
-90325932.62058446, 86306552.00485665, -79001548.38801378
-23323944.61616154, -87053827.7915349, 84343629.78823605
-10606556.11497958, 10052961.092746407, -23875858.67441857
47429533.72010267, -21051449.85622853, -78434136.87614714
-87468714.34097151, -34339652.117972896, -13984297.791328326
59379172.77486497, -43798445.64381415, 37464809.58145815
-32413046.488394707, 20440488.876403436, 20678293.24058336
36743034.14460668, -16214687.137393266, -76984198.99120043
-20179908.128236875, 8294756.85692817, 92176361.46124843
3470496.3035968095, -43284311.82526325, -60381596.63435241
-55810317.34499557, 80715476.77628103, 18070169.611613557
7103338.891596332, -89361304.98725116, -78597191.12817846
-47083879.72353312, -67787568.86008699, 84219699.6150921
-81002014.53762737, 34604613.62453967, -93582628.15889908
5481897.4983854145, 75233890.48858157, -39862533.664790004
15173272.60053061, -15723367.337995648, 37442657.41218266
-18724371.05541396, 25183136.429424465, -560128.7083198279
23549062.469480276, -3770709.4646669924, -5223917.536367461
83448430.66817036, -42572780.25841744, 46280197.51970488
-8864941.79716146, -24562450.562407732, 19914102.057588562
-21939553.70200427, 12079077.031411156, -13208960.595494896
61914588.36198175, -72066966.3972663, 773161.8321992457
21005292.88079931, -29115059.68515697, -68479617.47866464
-35750969.4593267, -65134163.73608107, 28221489.924622238
-31404946.586045563, 84495909.27814913, -90622465.83172402
-95273.44251823425, 8730056.080590025, -5044418.361010522
43227601.31316975, -40404762.11836053, 92284458.95867431
-25682709.795977414, 16582861.826051414, -23420441.62482056
-8637307.836143345, 92551011.38706353, -58917067.64486562
17444204.02376932, -28840665.114293754, -23642722.95174499
33951058.09105544, -60935138.30188393, 66464736.12632981
8983212.085447654, 33901856.586430475, 4374565.60611327
-83788958.4843619, 29631313.707469806, -29985162.056507766
71852438.38529116, -57130490.542189635, -23424656.535946757
59890656.70935017, 58518112.985081255, -11535583.961437419
-99725009.29253723, 89076506.79660738, 42930730.06781402
40078259.02160126, 23188364.795571133, 41123409.53368595
87928197.0328916, -56970136.65421515, 83321167.78971013
68480908.36340952, -22006016.09169106, -22014509.680253386
12319168.2724922, 12441638.278413072, -17009707.013179958
10978804.41258356, -713029.4121495485, -3826542.815821469
21717728.743858695, -64800211.33264409, 81897449.8391042
-59592895.22658693, -98526440.39029795, -29969910.44237429
-83112417.79535496, -72584676.59375678, -24467563.117946118
18188961.707160726, -14005637.871389464, 31943249.609553874
-47579136.15695326, 94231424.13288036, 58662721.376576215
-48641141.54066572, 19956212.508707687, -12984952.370671853
26843067.67814848, -3839219.758513868, 18625904.06783077
1194565.016085565, -12655.460070386529, -1310121.3780799955
89589235.63413796, 62275907.11249015, -14961483.980978116
25060636.149443343, -8706424.074394152, -38276646.71359721
77474396.42548314, -12770990.054031596, -91377069.40973927
80305103.89035234, -56293346.35355771, 58907905.599856496
-14339514.574835911, 1432027.1902870983, -7232284.865680501
44551750.55117008, 62644885.50395596, 48813623.428442
-92208408.00514744, -57704790.54577848, -24644331.665215224
-28152364.226888314, -66122218.22205078, 5790751.297969952
-30477056.82183142, 16725614.75275433, -5745610.540853202
-19579549.25331901, -17148634.44608341, 38581408.07075152
-22675543.578406125, 23917223.89807622, -33536130.33609251
-22999832.824872985, -1004184.5791171789, 19365520.34930758
-81956079.71058579, 44760271.361037165, 15487770.49023357
57564017.88083795, 46634533.39986712, 22166043.572903454
79707729.4100245, -81818880.28261611, -15770465.057806745
13590754.443635955, -54698961.863559715, 10505829.92121452
23901124.775116652, -6773835.052319527, -18709058.74765265
63884961.193199694, 72479488.73618823, 5113981.531958684
-29875048.67509447, -1117932.248096466, -19886602.274536088
-25303120.79290402, -88135872.58088167, 60134583.459754676
-5704841.540036917, -1222893.9354645908, -3799944.089045912
89542849.41081789, 5142882.611847743, 5004734.320206359
-2688218.2446190864, -10286723.585226998, -19417491.010065272
34177603.01820998, -93225326.71234986, -80605753.5777078
-47564372.67561668, -70245829.17440093, -36204114.690344654
23888406.677962944, -42255152.90868049, 38817326.533453494
-30361915.562924817, -11566619.622309357, -14920748.308683112
69910829.0817129, 58669487.90780187, 9259178.434442744
-76280420.42855954, -13455766.951467976, 72402161.14730841
78730940.84881994, -17004460.771554336, -779143.0802533329
44833831.81021896, 17384921.16061458, -86004886.61661394
-38182889.46259971, 7124497.70407775, 23259007.663776547
65640375.449863374, -34058046.64846128, -62472892.90501099
-2709522.164199814, -77168820.01584429, -10647072.239561334
74557103.11302373, -99192983.74074827, -94200509.25204757
88104699.18147749, 8125875.573191553, -84196562.81554455
55851305.818032056, -6847438.452650726, -7258692.4481450915
-98811801.0380961, -35607252.691643335, -64115004.194245
54757109.76620084, 76573647.92136267, -55102833.42353466
68983579.1049226, 51557819.66090134, 48123853.2423003
17219689.510810256, -66070135.95797606, -21325372.046752572
-66422902.86534786, -69992341.36274299, -43116363.99474237
-13808437.688074738, -22409282.566431, 4884626.539839581
45408866.30204919, -41671606.43741232, -39060696.227541
-12326129.199830234, -19137212.400877982, 19371031.391106978
-57721286.40592418, 30956405.621082664, -32075463.011657372
23045042.242617458, 11704264.970689192, 10776428.988080472
64302119.60117823, 64456848.022637784, -64121965.83913723
-12247485.07081142, -9951743.124836072, 84126882.06636122
-2341989.541987255, 770122.4399366826, 909260.7899671197
40759962.722676665, 29600569.1988744, 47542317.95070019
-24418344.678001076, -6265326.606828421, 62206443.470642716
-64949931.19675911, 31079687.832841814, 88346280.58546543
925860.7260460854, 88406598.11147723, 89855719.52365246
17919183.66810596, -27669171.470271483, -76486016.60713682
45946250.0235579, 85638031.53990325, -62550003.17850654
-99563672.01529706, -25950646.298419565, 40733370.90865153
-90375386.56112571, 5404743.932347491, 5660084.631480202
371479.9468052238, -5371229.0942693055, 18550373.087756753
-29269312.010655195, 85314987.73451406, 43803418.321897656
-1644706.4494615346, 36618838.30268097, 1555501.5281206518
-38670067.171426736, -669855.831309557, 39559158.75855842
55212092.32850367, 43827627.22088495, 83945135.93148357
41356585.813608885, -73651608.63306408, 32675831.25781259
95824480.73944598, 97205182.51744121, 76594907.98309526
94834206.27517816, 23317702.37395166, 99167280.75001562
-11912105.110692933, 73437053.63575491, -4711722.982452109
40072765.78735924, 26570197.099381953, 31878804.43640378
-13319779.210720345, 69223029.3972536, 22436317.141455084
-90932129.0255895, 54974564.898890525, -83160526.54923129
47386062.27699509, -23541278.416491345, -84396996.88789384
-19431751.15039502, 55392392.30733898, 31690937.79104741
17923473.802845538, 71835762.98412406, 98035479.7893526
14424902.768012345, -60078195.5337284, -15005644.338262185
12849878.036095634, -48071344.14027667, -82415533.06162581
5009292.733566493, 88622451.80925629, 44998370.97380614
-73753470.93701927, -46322518.734006345, 92193390.42554957
-70533567.91304046, -12879797.070796251, 6084465.020760536
6369343.1178384125, -69151519.94299631, 79576712.2080988
24513884.32126604, -46696366.56207166, -11038506.840365529
-46432009.3592129, -22368228.299111396, -83644386.82531841
74121217.79925364, 85330614.95797098, 4580737.92656742
-1258314.5425868183, 537408.8880507797, -49645.10718938708
1143528.0668121874, -27653760.78065726, -12138733.269095734
68665192.25367537, -20221987.236471996, -40335823.521211565
13889875.327671051, 50844840.05214843, 33055352.23197435
6909907.954543069, -18808361.522665024, -91414005.76688392
-14632041.119209886, 27720936.807932988, -12149515.68704234
79410669.27803758, -92824453.66539976, -24477728.123504415
21615796.80089301, -62705595.95404492, -35595899.842528425
-45805614.57563459, 99867928.68082446, 42733100.92149821
4179950.7095938325, 22898015.97953531, -81098981.37614504
-15991711.896676078, 14436646.29833737, 90745270.9774495
-49758468.245199025, 88627916.47631475, 90549950.90413475
24502203.58277686, -7298077.632650822, -5393694.306219652
-68559827.84347494, 68975302.17785391, 56903395.68886739
30795769.127911717, 35342639.68616477, 14487798.67204146
9037369.210860759, -54055266.13302283, 43381629.549366444
10092921.766361117, -31831448.80691278, 6675793.31128712
-1904284.9989610463, -7955258.0642915815, 55146904.54133886
41971451.2264272, -68395604.13474914, -46207350.69286526
-51052791.71665607, 65628694.32385495, -39292206.391916305
66277079.83415988, -21998446.91098407, -58070372.973016225
-30349156.651738048, -36714450.13576204, -43684975.43628254
34478924.90160677, 37406330.33573887, -89924545.75524685
98674297.92013082, 77561756.31282085, -60389091.4917949
92762083.8764008, 65463094.179596424, 22396378.390100136
-51897758.96488864, 49707953.13756037, -14085504.356674865
83878946.81969178, -94391171.04909316, 79762047.66326812
3510558.300940886, -11327091.454072803, -20191907.47892718
-81920500.87776501, 40170167.36550334, 23908710.349480674
-30353128.826626927, -41609576.68545533, 30390235.302565858
78341049.52320662, -24594320.30955319, 55924198.093580365
-80101722.0127236, -14212312.663144216, -74812821.21935749
-6836692.183254465, 3518330.5980253518, -16736612.704688981
92715773.55291978, -91932783.99215636, -48823818.88735794
25205673.332465902, -46390296.716117054, -63287315.37273757
-80470072.32627952, 94174589.4531275, -23609023.594796434
60167962.80935779, 28605790.4468994, 32741740.396370083
-94779086.3316264, -88033663.2523509, 13675962.379448652
11082128.617434189, 35454446.54092294, 58854976.38108429
-1866978.578551203, 27002374.54171197, -80572081.52807267
8102200.14811562, -58973564.2018153, -56230774.231436566
-91595633.36067837, 47196524.6193178, 43595603.72438428
44613027.536222875, -9964984.761112198, 26697608.27109644
-96255361.3760951, -25118058.535140947, -66613911.72649598
47319001.80106285, -85888100.87374632, -30438454.426958323
-28385132.14044425, 88903928.38328198, -11117639.560050115
-21300066.759451106, 18154444.765334055, -3115040.5255087465
96980496.45720884, 83571121.46502796, -45413420.30887789
-5097487.103416413, 1531614.900627032, -12352207.37690261
11101034.356283009, -3754.1660631895065, 7208330.974975511
-60862512.952113755, 66150383.90963262, 48159825.40019727
-75431260.41287082, -70782396.42023873, -45639492.39142544
84740651.66887394, -27273171.938833162, -56498315.93642531
25661387.274434015, -29552503.000165835, 3891132.9571485072
-98929668.32806256, -55932349.55060624, 21564082.40370573
88260265.82581511, -29099273.56564097, 51631317.26371187
27508137.018932402, -37542927.891584374, -69143794.92395884
-13791091.941799864, 5040049.902708426, 57032821.822547406
-3268816.5282399654, -12763851.981457934, 7863176.5272116065
56928774.57118267, 24056930.720619276, -24639590.908298418
34112410.20369966, -88346441.25838849, 82755792.00999168
88087522.51023519, -17433791.352499142, -53818723.93032181
-10666212.950558558, 9490435.863859743, 4441324.390335381
-33563125.22832861, -33624986.5586433, -37184591.478950635
-31015596.60136181, -665956.1974863559, -31884598.93861042
-4276590.178914934, 42449898.741425455, -44332677.553244434
-59199071.86894819, 58796039.50151062, -71105528.59022847
3248735.132547796, 22662616.508463934, -33931819.58034202
13911745.31233485, -18298920.522555068, 82950913.23923823
61135558.543370575, -80477198.02853654, -133204.2491670102
-81995667.5048418, 62206352.63483983, 18061082.204781443
-71742012.55565958, 45830315.37493694, 58683752.93184778
33770757.45825933, 19951784.688159794, 8753969.093937501
39500343.54749641, -97405175.46871994, -2017383.0910544544
47244143.913074344, 12207250.327373639, 81967578.26280078
34226037.28809127, -25483928.34964399, 1106575.8949982077
-75206531.45225726, 34138137.24335608, 26171573.513841406
10657086.218932584, -23547675.48406969, 4387323.66229631
-9915863.606519282, -74788041.43661597, -40156373.15974863
42020308.68282589, 52659923.777055025, -9811714.256134808
-20891256.074631184, -29068101.80096282, 34711450.11184272
93634922.82084915, 591562.5158640146, 39914694.51861799
